expression,sequence
18,GCATGGTGGCATGCGCCCGTAATCCCAGCTACTCAGGAG
41,AAAAAAAAAAAAAAAAAAGGCCGGGGGCAGTGGCTCACG
60,TCACGCCACTACACTCCAGCCTGGGCAACAGAGCGAGACTCCGT
41,TGTGTGTGTATATATATATATATATATGTGTGTGTGTGT
41,AGTAGCTGGGACTTCAGGCACCCGCCACCACACCCGGCT
65,TCCTGCCTCAGCCTCTTGAGTAGCTGGGATTACAGGTGTGTACCACCACGTCCAGC
41,ACTTCCTAGTTTGCTTTTTTTTTTTTCTTTTTGAGATGG
41,GTGTGTGTGTGTGTGTGTGTGTGTGTGTGAGAGACAGAG
89,TACAATCCAATGGGTTTTTTTTTTCTTTTTGAGATGGAGTCT
65,GAACCCGGGAGGTGGAGTTTGCAGTGAGCCGAGATCGTGCC
89,ATTTTTAGTAGAGACGGGGTTTCGCCATGTTGGCTAAGCTGG
65,CTCTACCAAAAAAAAAAAAAAAAAAAAATACAAAAATTAGC
41,GCACCACTGCCCTCCAGCCTGGGCAACAAGAGCGAAACT
65,ACCATGATTCTGAGGCCTCCCCAGCCATATGGAACTGTAA
41,CTCCTATTGACACTTGCTTTTTTTTTCTTTTTGAGATGG
140,TTTTTTCTTTTTGAGATGGAGTCTTGCTCTGTCGCCCAGGCTGGA
37,TGGAGTGCAGTGGCACGATCTCGACTCACTGCAAACTCC
89,CAGACTTTTTTTTTCTTTTTGAGATGGAGTCTTGCTCTGTCACC
41,TTTTTAGTAGAGATGGGGTTTCGCCGTGTTAGCCAGGAT
85,ATATCTGCTTTTTTTTTTCTTTTTGAGATGGAGTCTTGCT
41,ACTCCTGACCTCAAGTGATCCACCCACCTTGGCCTCCCA
41,CGCGCACACACACACACACACACACACACACACACACAC
41,GAGATACAGAGGTATGTGCCACCAGGCCCCGCTAATCTT
65,TCAGCCTCCCTAGTAGCTGGGACTACAGGCCCCCGCCACC
41,TGTGTGTGTGTGTGTGTGTGTGTGTGTGTGTGTGCGCGC
41,CCACCACCACTCCTGGCTAATTTTTTTGTATTTTTAGTA
41,CCCAGCCAACATGGTGAAACCCCGTCACTACTAAAAATA
89,ATTTTTAGTAGAGACGGGGTTTCGCCATGTTGGCTAAGCTGG
89,TGTATTTTTAGTAGAGATGGGTTTTCATCATGTTGGCCAGGCTG
41,TGGTGAAACCCCGCCTCTTCTAAAAATACAAAAAATTAG
65,ACCAGCTTAGCCAACATGGCGAAACCCCGTCTCTACTAAA
41,TTTTTTTTTTTTTTTTTTTTTTTAATTGATCATTCTTGG
25,CTCCGGAGCAGCACAGGCGCCTTGCAAATGTGGAAATGCTCTTTTCTCAATCTC
38,TGACCTCCTCTCTTCTCTTCCCCTGGGTCATGCCCTCTAATTTGGGCCTGGGTGCTCAGTAAGTTCTAGAAGCAGTGGGTGGCCAGGGGGTCTGGGGCACGGAGGACTCTTTTTTTCTGGTCTGGGTCCTGGGTTGGGTCCTTGTCCCCTAT
29,TGGGTGTGTACATGCAGCTTAGCTGTGTGTGTGTGTGTGTGTGTGTGTGTGTGTGTGT
47,CGGGGCCTGGGCCTGGATGGCAGCTGGAGGGGAGAGGTTCACTGGGAGGAGAATCTCCTTTTCCTCTTGGACTGCATCGTAGGGAATCGAGGTTAGATGACTAGAAGAACTTCCTGGCGCAGATCTGGGGAAGCCCTGGCCCAGAGGCCTGGCCTTTACCCATCCCTGGATCCT
25,CTGCAGGGTGAGAGTTATGTTCCAGCTCCATTGAGTGATAAGTGCCACACTGCGACCTCTCTGGGTCTTCCCTGCCCACTACGGTGGGGGCGTGGGGCCCCTGCTCCATGGGCTGGGCTTCTGACAGGACAGTGGCAGGCCAA
38,GTCTGGGGCACCTGGGCCTGCCTGCGAGGGTCCCTGAAGCATTGTGACAGTGACTGCAGCAGGAGGACTTCAGGCTG
34,CACCCACTGCCGGCCCCAGTCTGGCTAGGAGAGTGGGGGGTCTCCATTTCAGCCTGCTGGGCCTTTAGAGTAGGGCAGGGACTG
47,AAGGCCTGGCCGTCTCACCTTGTCATGATTCCTCCACATTTGAGAGTGACGGAGGGGCAGGGAGTCAGGGCTGTGTCCACAGTGTGTCCTCAACCCAGACTGAGCCAGGCCCATGGCTCTCACTGAGGTCCTCTCCTTCTGCCTTGGTTTCCCTCTGAGTCCAGCCCCATGGGGAAGCTGGGCTCCTGGGCCTCAGGCCTGATGCTCCCTGTGCCAGGGCCTGTCCCCTGCTACTGCACTGAGCTGGAGTCGGGGGCCTGGTTGTGGGCTTCTGCTCCTGGTCTCAGCGAGACCTCCAGGCTTCCTTGGGCCCAGCTCCTCATCTCAGCCGGTCGCACCTGGGCAAGTCCAGTCAGTGTGAGGGGCTACTTCGGTTTCCTCACTGTGGCAGGGATTGGGGGAGCTCCTGAGCCCTGGGCTGGGGTGGGTCCGGAGGGGTGGGGGCTCCTGGCTGGGCTGGGTGTGCCTGTATGTGACTCAGGCTGGATGCCCAG
70,GGCCGAGCTGCTGGCGGGACACCAGAGCCATACACCGCCACACTCACAGAGATCCACACACTGGAGCTCAGGACACGGCGCCCTGAGAGCGGAGGGCCCCCCTGGTGTGGGTGCCGTCACTGGTGCCTTTCCCTCGGTGGTGCTGTGAGACATTCCCAAGAAGCTCCTTGGTGACTAAGGGCCCTGTGCTCCTGGAGCAAACTCAGCTGTTTGCTGAGAAGGCCTTCCTTCTCTTCGTGGTTACTCCCTGGTTAGGGCCTGGAGGGGGACCTGCAGGCACAGCTGGAGACCCTGAGGGGCACACAGAGCCTTCCCCCGCTGCCTGATAAAGGGCATATGCAGGTGACCATGTGCCATCTGTCCAAACTGTGCACCCACTGGATCCTTGAAACAGTTCTGAGAGGAAGGTGCATTGTTCCCACTTTACAGATGCGGACACCGGGGTTGCTAATAGTTGTCCAGAGTCACCCGACTAGCATGTGTCCCACTGGGACGCTCCTCCTCAGGTGCTCTGTGTGGCCTGGTCCCGGCCCTTCCTCCACTTCAGTCCAGCTCACCACTAGGACCCCCTCGACACCACCCCTCGCTCAGTCAGGCAGGGGCCCACAGGGCCTGGGGCCAGATCTTCCCATGGGGAGTTGTGTCACTGTCCCTCCCAGGCATGGGGCCTGGCGCCCAGGCCCCTCCACTGCCTCTGAGGATGAAGACA
51,TCCAGGCCTCACTGCCCCCAGGGACAGCGCAGGAAGTGTGTGCATATCTGTGTGTGTGGGATGGGGCAGGAGAGGCAGCTTGGCTTATACCGGGTGTTGGGGGAAAGCAGTGCAGGTTCGGGGAACCTGGGCCCTGAACTGCATGTGGACAGCCCCCTCCCACAAGGGTGAGGATGGGCACACAGGGGCCCTGCATCCTAGGCCAGGCTTGGGTTCTCGGAGGCCAGCTGGAGCTCGCCTGCTTTTCTCAGGTAGACCAGGGTCTGCTACAGACCCTGCTGCCCCCAGAAAGGCCTAGCCTGGTGCAGTGGGGTGAGCGGGCGGGGTGTGGCCCCAGGAGCTGGCCCCACCCCCTGCACCACCCTGCTTTGTCAGAAGCTGTTTGAGGCAGAGAATAAAGCACCTTATTAGGTAAGAAATGCCTTCTGCCAGGTGGGGAGAGGCCAGGCCCGCCTCTGCCCCCAGGCCTGCCTGCCCCGCCCTGGCAGAACACCAGCTTCTGTGGCATCTCAGTCCTGGCCCGAGCCCAGCAACCCCACACCCC
25,TCCTTCCTAAGCCTGAACTTTCTCTTCTATACAATCAGCGGGTGTGCAAGGGGCCTTGAATTCTCCTGAGG
19,TTTATTGCTTATCAAATGCAGGCTGAGAAAAGTCCAGATATTATGGTACTGCTGTGGTCCCCTGCCTCTTACTGC
31,CCCATCTCCATGGCATAAATGGCTAATAGCATTGAGCACTGAGTTTTGACAGGCATTTGCAGGCATAATCACATG
25,GGGCCAAGGTCCCAGTTTGTAAGTGACTAAGCCAAGACTTAAACCCAGGCCTGGTAGGCTCACTGTATCATATTGGAAAGGAGA
22,CATGGTGCCCTGGTCAGCCCCATAGCACTTGGCCTGGCTGTGGGGG
25,CTGTGGTCAGCAGATCATAGGGCCATTTTAGCAGAATCTGTAAG
28,CTGAGCCAGATTAAAACAACAGGTAGTGTGTGTATAGAACTT
22,CACTCCCACCCAACCTGTGGTCTGTCTCCTTCGCATTCTCATCCGCCTCCTCTGTGTTTTCGATTGTCATGCTCTCTCTCACTTAT
31,AATTAGGTTGTACTACAAATCTTTTTTTTTTTTTCCAGTTTAGTTCAACAAACGT
28,AATTACACTTTCCTGTCTTCACAGCACTCAGCCCAATTTGTAATTATTTATTGT
19,TAATCTCAGTCTGAGCTGCTGTAACCAGGCTTAGATCCGGGTACTCTGAGAGGATATGGTTCCCCCAACCCTGGG
31,AAACTCATTCAAACTGGGAGGCCTACTTTAAGAATACAAAGTTACCAAAAAAACCCC
25,GCAGCCTCATTCTGAGGCCTGAGTGATCCACGTGCCTGGTATCCTGGCT
28,TCCTTGCATGATCTATTAGGGACAATGGTTTGTCTCAGAGAACTTGTTCTCTGAGATAAACAATGCCCTAATTTATAACACTTACCGATTTCAGAGTTGTATATACTTCTGTCATGGCTGATT
34,CAGTGCCTTCTATCACCCTGATGGGGCATTTGAAGACAGGTGGCCCTTGCAGATGGGGGCTGGAGAGAGATGAACACAATTGGGTGGCCCAAGCTTGGGTTCTGGTTTAACACACAATTGGGCCACCGAGTTGTGTTAATATGATCTGGTGGCGGGCAGAGGA
44,TGAGCCCACATTCCTTTCTATTGCATGAAATTACATCATCAATGCAACAATAGTTTCTGCTT
22,GATAAATACTGACCTGCCAACACTCGCAAATGCAAACAAGCTGCCTGAAGATTC
38,TGCTATTCAAGCCCAATTTTCTCCAGCTCCTGCTATGATGATCATGTCAACAAGGGAACTTTGTGGGAATTGTAGGCAGGATCTAGGATGTACATTCTGCAACCTGCGTCACTCAGGACTGTTGCTCACATTTTCCCTTTTCAAATACCGAACCTGGACTTGCCTGATGTCAATCCAGAAGATCCCCAGGGCTTTGGGGTCAG
89,ACCCCATCTCTACCAAAAAAAAAAAAAAAATTAGCCGGGCATGGTGGC
115,AGGTACCCACCACCACGCCCGGCTAATTTTTTGTATTTTTAGT
41,CCGGGCACAGTGGCTCAAGCCTGTAATCCCAGCACTTTG
18,CTCCTCACCTCAAGTGATTCACCTGCCTCGGCCTCCCAA
65,ACCAGCCTAGCCAACATGGCGAAACCCCGTCTCTACTAAA
65,TGTGGACCTCAAGATCTTTACCCTAAAACAGTTCTGTTGGATTTCACCC
41,AATGTCTCTTTCCCCTTTTTTTTTTTTTTTTTGAGATGG
195,TGAGCCACCGCACCTGGCCTTTTTTTTTCTTTTTGAGATGGAGTCTTGCTCTGT
41,GAGGCAGGAGAATGGCCTGAACCCGGGAGGGGGAGTTTG
37,CACTGTCTCAAAAAAAAAAGAAAGAAAGAAAGAAAAGAA
41,ATGGTAAAACCCCGCCTCTACTAAAAATACAAAAAATTA
41,TAATTTTTGTATTGTTAGTAGAGACGGGGTTTTGCCATG
41,ATATTTCTTTTCTCTTTTTTTTTTTTTTGAGGCGGAGTT
65,GAAACCCCATCTCTACCAAAAAAAAAAAAAAATACAAAAA
41,GTATCACCATGTTGGTCAGGCTGGTCTCAAACTCCTGAC
41,AGCCGGGCGTGGTGGCGGGCGCCTGTGATCCCAGCTACT
181,GGAGACAAAACAGCGGAAGGTCTTTTTTTGTACAACAGTCCTTCTCAGTTCCTGAAGAACAACTCTACACGGCCTTCTAGGTGTTCACACTCGGCATCTCCCAGCATGACTGCAGGGAGCACGTGCACCGCCCCACGTGCTCTCAAGTTGCTCAGCGTCTTTTGATCTCTGCCAGGGAGACTGGAAACACAACCAGGCCC
155,GAGTACTGATAGTTTTATTTTTGTCTCTGATATTTTGTCCAGATTTTTAATGTATTACACAGCAAGAAAGATTTTGGAATGAACATCTCTAATCCTCTATGTTGCCAGCCATGAAAGCTCCCATCCCTCTTACACTCAATCACGTCGCCTCCTCTATGCGAACGTCCCGTAGCCCTGACCCTGTGCCTCGCTGCTGCCCTCACCTGCTCCACAGCATGGAGAGAGCGGAGAGGCTGGCGGCA
117,TGAAGATGTGAGCGTTTAACCCATGCTGCATCTAGTTAATATTTTTTCACAATTTACACAAACCCAAAATAAGGTTAAACTTCAACCCTCTCAGTCTTTAGTATTATAATGTTCTGCAGACTATGCACAAACATGGTTAAACCCCAATGAATCATTAGAATTATTTGCGTACTATCATTTAACATTCAGAATAGATCCTTAAGAAAATATACATCTAGAAAAAAAGTGTTCACAATTTAGTGCTGTGGATTAAAAACTGTCAAGGCTGCATGGCTGTACCTCAAGTTCCTGTTTATCAAATATGGCCTTCACAGGAGACGGCTGGGTGGCCGAGGCCAGCAGCTGCTGCAAGAGGATCATGGGGGGCTGCGGCCCTTCAGGAGACATGTCCCCAAGGTCAGGTGATACCACTGCTCCATCATCTGAATTTAAAAACAAAATA
74,AAATCAGGTATGACTTCTGCCTCATTATGTGATAGAAAACCAAAATCTTCAAGGTTCAGACATCGAACAAA
65,CTAAGCCTTGTTGAGATCATTAAGTGACCCCAATTCCAAATGTGTCATGTGCTCAGGGTGATGGCTTTTTGTCTGTTATGAGTAGCTTTAGGTGCAGCCTTTAGGACTCTGTTTGACACAGCCCCAGGGAGATCCACTGCGCTCAAGCCCACTTCACACATCTAGGTACTCAT
35,GAGCTGGAAATCTTTCTCTTAAAGGGCCAGAGAGTAAATAGTTTAGGCTGATGGGCTGTACAGTCTCTGTCCCAACTACTCAGC
47,ACAACTGGGAAATCTTCATGTTCCCTACGACCTCTACTATTAATTGATTCTATACTTTCAATTGATTTCTTTCATCCTCAGCAGGTTTAAAATTAATTTCATAGCATCCTCTCCTCTTAAGAAGCAAACGCACACACTC
69,CTTCCACTTTTTGCTGGTTCCCCATAAAGTTATCATCTACAAGACTACACCATCACAGTGGATGGCACCTTCCTTCCACCAGAACCTTCTTTCCCTTTTCATGCCTTCCCCCTCATCACCTGACGCAGGAGCAATTCTCCATCTCTGTCATCTCCTGTTTCAGATACTCCTATACCTTCCTAGCAGGTGTATCACCCGAAGGTCAATGCTTACCATGTGGCCCCTACCACAGCTT
72,CTAACAGACTTTTATTGATTTGGTGTTTCTTTTCTTTTTTAGCTTTTTCCCCCTTTAATGTGTAAATATATACATTTAAAGGCATAAATGCCCTCAAGC
103,TTATTAACTGAACACATTTTCTAATTTTCATAGTCATTTTTTCTTAGAATTTTGGGTTACTTATAAGTGTATCTTGTAATTTTCAAATATGTGGATGAATATTTTTATTTTCTGTGTATACAGAGTCATTTTTATTTTATTTTGAATGAATTTTTGAAAACCTATTTGTAATTTAACTGCATTGTAGTCAGCACACATGCTCTGTAAGTTTATTTCTTTGAAATCTGTTGAGATTTACTCTATGGCCTGGCATGGCCCGATTTGGTATTCATGCTGCCTAGACTTTTTTTTAAAGCATTCTATATTTAACAGAATTTGTATGTG
300,ATGGACTGATTCTGGTTTCTGTATATACAGAGTCATTTTTTACAGGTCAGAACTGTAGAAATAATGAGAAAGTGACATTTGTACGCATAGCTGATTTGGAGAACCATAATAACGATGGAGGCTTCTGGACTGTGATTGACGGGAAAGTGTATGATATAAAGGACTTCCAGACACAGTCGTTAACAGAAAATAGTATTCTTGGTAAGATTACACTTGTTATTTCCTGGTTAAAAGTTACAGCCTGTATCATTTTAAGCAGAGTATTTGGCTTATAAATGATTCCTTTAGTTTTGTGCCAGCCCCCGCATATTTTAATGTATCTGTGGCTTTGGTGTCTGTCTTATCAACAAATTCAGCACATTCGAAGAATTTCCTTTCATTATGTATCTTTTGTTTTAATACTTGGAACTCATTTCAAGTTCCGAGTTGGCCCAGGCAACCCTGGGAGACAGTGGGAGGTCATTATATTCTGGTAACCCTCACTTTTGAGTTAAGAGCCTAACTTATTTCCTACTCACTATTTCTCCTGTAGCTCTTCAGGCAAGCTGAATTGAACTCATGTTGCTTTTTCCCTTTTTGTTTCAGCTCAGTTTGCAGGGGAAGACCCAGTGGTAGCTTTGGAAGCTGCTTTGCAGTTTGAAGACACCCGGGAATCCATGCACGCATTTTGTGTTGGCCAGTATTTGGAGGTGAGGCTGTATGCCTTGAGTGATGCAGAGGATGGCAGGGGATACCCTCTGTGTGTTTGTGATAGGAATA
179,TCTACAAAAAACACAAAAATTAGCCAGGCATGTTGGCACGTATTTGTAGTCCCAGATACTCAGGAGGCTGAGGTAGGAGGATTGCTTGAGCCTGGGAGGTTGAGGCTGCAGTGAGTCATGATCA
176,TCAATCAGGTAGAAACAGCTGTGAGTGGTTGTCATTTGCCCTCATGGTCTGTTGCTGCAGAGGAAGCTAAAAAGTGTGCAGGAATGTCTACCCGTCTGCCCTTGGTGGTCTCACGTATTGCAG
181,AAATTGCACAGAATGTGGATCAGCTGTCCTCTCAGGGAAGAGCATACTATTTGAGCACTGCGTTTTTACCAGACCAGGCTCAAGTCAGTTATATTTCAGGATGGCAGCCTTTGTAACCACCTAAAATAATAAGCTTCTTTCTGTCTCCTAAGATGTGTTTCCATTTTCCTTCATGTAGTTGTGCATTTCCCATCTGTCTGTCTGTCCATCCATGTGAGCAGCTTCTGTTGAGCATTTGCCTGGTGCCGTTACCATACGAGGTGTTCAGGATACAGTGATAGATAGGACACACCTCTGCTTTCTGGTGCCGTTACCATGCGAGGTGTTCAGGATGCAGTGATGGGTAGGACACGCCTCTGCTTTCAGCTGCTGCTTGTTGATGAGCCACCATTCTAAGCAGGTCACATTACAAGGTGGTGAATGGTGAAATGGAGATGTTCATACATGGTTCTGGGAGAAGAAAGGCTTCACATTGGCAGCAGTC
148,GGGCACTGCTGAGAGGAGCAGGGCTTTCCTGCTGCTTGCAGGAGTGGGTGTGGCAGAGGCTTGCAGGGAAGGAGGATCTTGGTGTCCATACAGCCCCCCGTTGGGCGGACCTTTGTGCAGTGCTAGGTGCTGGGCTGCCTGTGGTGCCCTCTGAGGTGTCTG
144,CAGAGGCTTATCTTGGAGCAGTAAGGAGGGGCTGTCCTGTGCTTAAAGAGAGGGGGCCAGAGAGAGTCGGCATTGGATTAGTGTTTCAGAAGAACGAATGTGGTGTGTTGGGGAATGCTCCTGAGTGCTCTAAAATCTAAATGTCCAGTAAAAGAACACTAAGTGCATCCCGCTTTGATTGCTTGGATTTG
176,CACTCCCTCAAGTTGCCATAAGCAGTTGTAATTAACATTCGCACTGGTTGATCCCATGCCTTGCACCACGCACAGGTCTCCTTTCCAGTCCATCGGCCCTCCCATCTCCAAGGATCTATCCTTCATTACAGATTGTGTGTTTCTTAAATATTTTCTCCTTTTCATTCCTTTATAA
182,GCTCAGTTGTTGCTTCCACAAGTCCCTCACTGACCCTCAGAATAGCGGTGGTCTGTCTTCCAGTCTCCCTGGTACCCCCATAGTCATCTGTTGCACAGTTTCGGACTTGAAATCCTGTGATTAATTGTGTCAGCGGTGCCCTTTGCTGCCTTCCCTGTTAGAATGTGCACCTCAGTCTTCACACGGTACCTGTGGAACCAGGCAGCTGCAGGCAGAGCACAGGTATCCAGAGAATGTTGGACTGGAACTACGATCCTGAGTTCTGATGCCATGCCTGAGGCGTGTGGAATCACCAGAAAGTGTGTTCACGTAGATAGAGGAATTATAAGTCAACCTGTGTAAACATGTTAGGTGGAGCTCTTTCATATGAATGATGCTGAATTTCACCTTCTAAATTGAGTGTTCAGTTGAGCATCTTTTTTTTTTTTTAGTATTTATTTTGAGTTGTGCACTTGAGTTTCTCTTTCATGTTTGTGTGTGCATTTTCTAGAATGGCTTCAGTCATCCATCTTCTCTGGAGGCCTGCAGACCAGCCAGATCCACTACAGCTACAACGAGGAGAAAGACGAGGACCACTGCAGCTCCCCAGGGGGCACACCTGCCAGCAAATCTCGACTCTGCTCCCACAGACGGGCCCTGGGGGACCATTCCCAGGCATTTCTGCAAGCCATTGCAGACAACAACATTCAGGATCACAACGTGAAGGTGAGCTAGGCCTGCCCCCACTGCCACCTCAGTGCTCTGTTTATCTGAGGACTTTGACATAGGAATACTTATGTGCTCTTTGGTTAACACAGCACAGACTTTGTTTCATGTATTATTTGGAGGGTTTTGAGGTGAGAACCTGATTGTGTTAACATGCTAGCGAGGCTTCAGAAGCATTAGTGATTGCAAGTGCGTCAGAAGCTGTGGCATGTTTAAGATTTGTGAAGACTCACTGGGTTTCCCTGAAGTTACTTCCAGCTGTTCCTGTTGCAGGACTTTTTGTGTCAAATAGAAAGGTACTGTAGGCAGTGCCATTTGACCACACCGATCATGTTTCCCCCCGAGCATCCCGTGGAAGAGGTCGGTCGCTTGCTGTTATGT
60,TTTTATTCTGTGCTTTGCAGACAGTTGCTGAAATATTTGTTGTTAAAGTT
71,AAAGAGAGGTAAGAATGTAAAAGGACAGAAGATACTATTAAAGCTTGTGCTTCACCCTGCCACGTTGGATCTGTGATTTCAGAGTGAAGTTTCTCTACTGTTGATTCCATGTAACATTTCTACCTGCTGCCATCATTTTTATTATAGTTAGGATTAAATACAGACATCTCGCTTATTTTTCCAAATGATCAGACAATGAGGCAGTTTAGGAATTGAGTGTGGTATGATTTGATTACTAGTAAATTGATGTTGAAAACGTAAATAATCTTTGCTAAATTGATGGGAACAAGGAAGTACTTTTATTAGTTATCCT
49,TAAAAGAGTTACTGACATTTTCCTGGAAGTAGCTGTGTAAGGGTACAGAAAAGTCTTTTTGCATTAAATCCAAATTTGAATAAAAATGCTTAGAAATTATAAAATAGTTTAGAATTTAGTCACTTG
49,CCAAGTAGCTGGGATTACAGGCACGCGCCACCACTCCTGGCTAATTTTTATATTTTAGTAGAGACGGAGTTTCACCATGTTGGCC
139,AGCCACCGCGCCTGGCCTCTGATCATATTATGACTTATACTGATTTACTCACAAACCTGCTTATTGAACAGTATTGATTACTGACTTTCTGATGGGCATTTTGAACAATAAGCTTATGAAAGACTAAAGTGTGTTAGAAGCCATCCTAATTTGATTGTTCCTGAACAAACCCTACACCATAACAGCCTGTCTGAATGCGAGGGGTGCTCTGGATCAGGAAGTCACAGCAGTCACACTGCTGCGATTCCTTTAACCCAGGCATGCAGGAACTCAGCCTGGGCCCAGGAGACAGGCTGCCTCGGAATGAGGGAGAGAGACTCCACATTTGCCATCTCATATCCGTGGGTTCTGAGCCCACACTGTCACTTTTAGAGTTTCTTGTGGGTTTATAGATTTATCGTGTGGTGTTTCAAGCTG
27,TGTTATAGTCACAGCTGTGTTTTTACTGCAAAAAGGATACAGATTAAAATTAGCAGAGGGAAGGGTGCATGGAGGGAAGTCCAGAGGAAACTAGGCACACGCTTTGGTGTCTCTCCCCAGTGGCGTCACGTGGATGTGCTTAGCTCTCCCAGCA
60,TTGTTGGGGGCCAGTCACATACGCAGGCAGTGCCCCTGTGACTGACCTCACTCAGGCTCCAGTGCCCCAGTGCAAAAACAAGTGGTCCCTCGCAAGTCCCATCATTAGCATAAACTACCTGGCCAGACCACTGCCACAAGGTCCTGGGTGTCAGGTATACCAAAAAACTTCTCAGGCAGGATGTTCCAAGGGCTCAGAGCTCAGCTCCTAGAAGAAGGACCAATCCTGAAGGGACAGACCTTCCTTGGGAATTTGCAGGGTTTGAGCAACCCCGGCCTGCTATGTTAGCTCTTTACTGCCCAGATGTATTATCATGTTGCTTATTTTTTATATTATATGCTGAGGAGATTTAGACCAAAAATTTTAAAAGAGATAAAGTATAGGGAGGAAATTCCACATATCACAG
128,TGGACAAGCCAGGAACTATGGGCCAAATTCTACCTCTTGCTGGCTTTGGGTTGCCCATGGACTAAGACCTTTTTTTTTTTTTCCAGTTTGAAATTGTTATTTAAAAATTAAAAGAAGTATATTATTTTGGCACATGAAAATTACATGAAGCTAAAATTGTAGCACCATAAATAAAGTTTTACA
114,AGATGTTTATTTGAATGAAATATTTGTCCTTCATGTAAATCTAAATATGTCTTAATTTAAAATTAATATTTAAGTGTATGATTTTTATAGTGAATGATGTTTTAAAACACAGTTCCTAAGAAGCCAGAATCTACGGATGATGAAGAAAAAATTGGAAACGAA
57,TGCTGGGCCCTGTGGCTGTTAATATGAACCATAACTTAACTTAGTATGCCAAGCTAGCCTGTTCCAACATATAGTATAGAGATTATAAATTCACTTATATTTATAGCATAGTTTTAAAAACATGTATTACTAAATTTAACGTATTTTAACCAATTTAAACCCATAAGCATTATTTATATTTTACTTGAATAACTTTTAGAGCACAGTTTATTATTAAATA
14,TGGCTGGGATTGCAGGCGTGAGCCACCATGCCAAGTTAGTTTTTTA
107,ACCTTGGCCAGTTCAGCCATCCTTAGGCAACTTGGTGACCCCC
34,TTGTAATTTTAGTAGAGATGAGGTTTTACCACATTGGCCAGGCTGATCTCAAACTCCCGACCTCA
60,AGCTAGGATGATGATGTCCAGACCTGAGAGGAGCCCAGGGCTACCCACCTTTAAAAGTCAGAGGCAGGAAGCAAGAAACAG
18,TGTTATTATTTTATTCTCATAACTCTCTATGCCAAGTATAGATACATTATTGATGTGGAAAATTAGATCACAGAGATAAAGTGACTTTC
40,CATGTGTGAAAATATGTCTTTTACATTATTATATAACACAGATTTTGGATATGACGAGTGCTGAACTGAGGCTTTTCACTTGATATGCATTA
77,GAATAAGAGTTCAAATAAAATCGAATGAAAAGACACCATCTTGTGTAACTCTGTAGT
96,AGACGGCAGTAATTCTCTATGTATTTCATGTTATGTGCAAACTTTACTTTCAAAGAGTTGTTACCTATATTAATGTATTTACATCATTCACTTAATATATTTTCTCTATCAGTAAAATTGGTTTAGATATATTGGATTAGGATAGAACACGTC
40,GCGCGAGTTTCGGGAGCGGGCCCTGCGCGCCTGATGGGTCGAGGCGGACGCGCGGCTGCGTCAGGTAAGC
40,GAGCCCTGGCTGACGGCTGATGGGGAGGAGCCGGCGGGCGGAGAAGGCCACGGGCTCCCCAGTACCCTCAC
41,GAGCTGGGCTAGGCCCCCAACCTTTGCCCTGAAGATGCT
129,TCGCAAGTGGGATAAAATGGTTTAAAGGAAGAAATGGCTTTTAGGAGTTAGGGTGTTTTGTTTTAAGTAATACAGACTTGGTCAAATGGAAAGC
94,ATGGTGTATTTTACTGTAGTTGCTATCAGAAAAGTTAGTTTTCCCAAATTTAAGTTCACTCTGGGGTACTATAGCA
104,AGGCTGAAATGTACCACTTGCCTTTTGACTTTTGCTTGTGTGTTTTAATTTTGTTCAGTGAGGCTTTCACTTAAAAAAAATGATAATATTATTACCTGGATAAAAAATACAGCTGAAAGTAGATCACTTTAGCCTTAAGCAGAAGGATGGAAATAGAAGACTTTAAGAATGTATTGGTTGAAAAAAATCTATATTATTTGATTTTATTTCTCTTCTTGTGGGAGTAAAATAATTTCCAACCAAATCAGT
149,AAGCAATAACCAGCAGAGACCGGAACCACAGCTGAGGCTCTGTAAATGAGTTGACTGCTAAGGACTTCATGGGAATATTAACCTGGGGCATTAAGAGAATCAACATGCTAAAGTACTTGGAGACAGCTCTGTAATGTTTTATGAGATTTTGTTTAGTTGAGTTTTGTT
127,TTATGAGCTTTTAAAAAGGAATACAGCCTCACAAAACCTTTACAGTCAGAAAAGTCAAATGAAAAAATATCCACAACCTCAAACCTTCTTTTGGGTCCTTTTCGCTGCATACTTAGTGCACAGTTGAGATTAAATTTTATA
73,TGTATTTTTAGTACAGACAGTGTTTCTCTATGTTGGTCAGGCT
88,ACCGTGCCTGGCCAAAAGTCTCCATATTATTAAACAATCTTCAGAAGCACAGTGCTGAATGACTACACTAATAATATTCTGCCATGGATATATCATAATTTTCTTAACAATTCTTGTTTT
41,ATTTGTCATATATTATTTCTTTATTTACACTTAATCTTCAATCTCTGTACTTTGTTTGGGTTTGTTTG
47,ATGTGATGTTTATTTGCTTCAGTTGTTTTCCTCTAAGGACTCATGCAGATTTCTTAAAATAGGATGAAAATTTAAATAGCAGGACCCTAGATTGTAATTCAGTAACTTAAATTTTAGTAAATACAGTTATCGCTCTTGCTTCATTGAGCCATC
51,GCCCCCTGCACTGGGCCATCTTTCCACATATAATCTCATGCCCCTGCCAG
86,GCTTTGTAGAAGAAAAATTGCATATTGGATGACATAGCTGTACATGTCTTAGTTCAGGCTGTTGTAACAAAGTACTGTAGATTA
110,ATAAGGGCATTAATCCCAATTTTCTTGAGGTCTCCACCCTCATGACCTAATTACCTCCCAAAGGCCCCATCTTCAAATCCCATCACACTGGGGATTTAGGCTTCAACATATGCATTTTGGGGGGACCCAAACATTCAGTCCAATACCAGTACATGTTATAAGCATGAATATACAGATACTGTCTTTTAGGTGATAATATTACATATCCCTAAAAGAA
121,CTGACTGAGTAGTAGTGTAGTTAAATTAATCCATGTGACCAATTTCCTTTCAATTTCCTAATGGTTCTACATAACTATTAGCTCTTACTAAGATAATTTTCCCTTCTGTCTGTAGAAGTCCTTGGATGAGGATGACCTAGGTCCTAGAAGGGTAGTTGCCCTGGAGAAAGAAGCTGAAGAATGGACCAGACGGGCTGGAGAAGCTGTCGTCTCTATTCAAGATATCACAGTGAATTATTTTAAGGAGACAG
52,AAATGGCAGGAGTTTCTGATATATTGCACAGAATCAACAAG
77,TAAAAATTAATACTGTCTACATTGTTTACTAGGAAATGCATGCAAAATTAATACACTCTT
38,AGGCAGAGGCAGTTTCCTGAGGCAATCCAGGCCACAAAGAACTGTACATTTGGGGAAAAC
71,AGCGGGGCCTGGTGGGCCCGGCGGGTAGTCCCAGCTACTCTGAAGGCTGATGTAGGAGGATTGCTTGAGCCGGA
42,TCGCCGGGCCGCCGCCGCCCTTGCCACCGGCTGCATGCTCGGCGCCCGGGTCGCGGCCCACCTGGACGCACTGGGCCCCCTGGTCCCCTACGTGCCGCCGCCGCTGCTGCCCTCTATGTTCTACGTGGGCCTGTTCTTCGTCAATGTGCTGATCCTGTACTACGCCTTCCTCATGGAGTACATCGTCCTCAACGTGGGCCTCGTCTTCCTGTTCGAGGACATGGACCAGGCGCTCGTGGACCTCGGCGTGCTCTCCGACCCCGGCTCGGGCCTTTACGATGCTGACTCGGAGC
96,CGTTCCTCAGCAAGTTGGCAAAACAGATATCATGCTGGT
40,CCTACTTAATTCTGATAAACCTGTTTAAGCAATACTTAGGAGGCTGACTTCTTTGGATTAAAAAAATGTATGCAACTCCAAAAAAAAAAAGAAATTCAACATTTAAAAGTTTCATTTCTAGGGCAGTCTTCCGGTTTGGACTACAAAATTATTTTGCTTGTTTTTGTAGGGGATCGTTTTGTGTTGTT
63,TAACAAACCACCTTTTTTTTTTTTTGTCAATAATAGATTTCTTTTGTAAAAGTAGCAGCCTCCTGTCTGGGGACAACTGCAGTTCCACT
32,AATTAATATTCTGAAAATAGCCACAAATCCAGAGTTCACATTTTCTTG
68,GGAGTTTGAGACTACCCTGACGAAGGGAGAAACCCCCCGTCTGTAGCAAAAAAAAAAAAAAAAAGTACAAAATTAGCCAGGTATGGTGGCTC
54,AGGGCCCTGCTATCTGAGGGTTTCTGTTAGGGTAATTTCTGATTGCCAAACTGAGTACTGATAGTTTTATTTTTGTCTCTGATATTTTGTCCAGATTTTTAATGTATTACACAGCA
48,ATTATTTGCGTACTATCATTTAACATTCAGAATAGATCC
63,GTTCCTGTTTATCAAATATGGCCTTCACAGGAGACGGCTGGGTGGCCGAGGCCAGCAGCTGCTGCAAGAGGATCATGGGGGGCTGCGGCCCTTCAGGAGACATGTCCCCAAGGTCAGGTGATACCACTGCTCCATCATCTGAATTTAAAAACAAAATATGTGTAAGATTCTATTTTCAACTGCGAACACCACTTTACTATTAAAGAAAATGCATTAAGCATGTTAAATCAGGTATGACTTCTGCCTCATTATGTGATAGAAAACCAAAA
74,ATCACAGTGGATGGCACCTTCCTTCCACCAGAACCTTCTTTCCCTTTTCATGCCTTCCCCCTCATCACCTGACGCAGGAGCAATTCTCCATCTCTGTCATCTCCTGTTTCAGATACTCCTATACCTTCCTAGCAGGTGTATCACCCGAAGGTCAATGCTTACCATGTGGCCCCTACCACAGCTTT
41,CAGGTGATCCACCCACCTCGGCCTCCCAAAGAGCCACCA
141,TTTATGAACTAACAGACTTTTATTGATTTGGTGTTTCTTTTCTTTTTTAGCTTTTTCCCCCTTTAATGTGTAAATATATACATTTAAAGGCATAAATGCCCTCAAGCATGCATTTAGTTGTATGTCACCAATTTCGATCTGCAGTATTTTGATTATTAACTGAACACATTTTCTAATTTTCATAGTCATTTTTTCTTAGAATTTTGGGTTACTTATAAGTGTATCTTGTAATTTTCAAATATGTGGATGAATATTTTTATTTTCTGTGTATACAGAGTCATTTTTATTTTATTTTGAATGAATTTTTGAAAACCTATTTGTAATTTAACTGCATTGTAGTCAGCACACATGCTCTGTAAGTTTATTTCTTTGAAATCTGTTGAGATTTACTCTATGGCCTGGC
156,TTCTGGTTTCTGTATATACAGAGTCATTTTTTACAGGTCAGAACTGTAGAAATAATGAGAAAGTGACACTTGTACGCATAGCTGATTTGGAGAACCATAATAACGATGGAGGCTTCTGGACTGTGATTGACGGGAAAGTGTATGATATAAAGGACTTCCAGACACAGTCGTTAACAGAAAATAGTATTCTTGGTAAGATTACACTTGTTATTTCCTGGTTAAAAGTTACAGCCTGTATCATTTTAAGCAGAGTATTTGGCTTATAAATGATTCCTTTAGTTTTGTGCCAGCCCCCGCATATTTTAATGTATCTGTGGCTTTGGTGTCTGTCTTATCAACAAATTCAGCACATTCGAAGAATTTCCTTTCATTATGTATCTTTTGTTTTAATACTTGGAACTCATTTCAAGTTCCGAGTTGGCCCAGGCAACCCTGGGAGACAGTGGGAGGTCATTATATTCTGGTAACCCTCACTTTTGAGTTAAGAGCCTAACTTATTTCCTACTCACTATTTCTCCTGTAGCTCTTCAGGCAAGCTGAATTGAACTCATGTTGCTTTTTCCCTTTTTGTTTCAGCTCAGTTTGCAGGGGAAGACCCAGTGGTAGCTTTGGAAGCTGCTTTGCAGTTTGAAGACACCCGGGAATCCATGCACGCATTTTGTGTTGGCCAGTATTTGGAGGTGAGGCTGTATGCCTTGAGTGATGCAGAGGATGGCAGGGGATACCCTCTGTG
69,CTGTTTCCTCAGATTGATGATGAAATTTATTTTTCCAGCCTGACCAAGAAATCGTCAC
41,TAGCCAGGCATGTTGGCACGTATTTGTAGTCCCAGATACTCAGGAGGCTGAGG
82,AGAAACAGCTGTGAGTGGTTGTCATTTGCCCTCATGGTCTGTTGCTGCAGAGGAAGCTAAAAAGTGTGCAGGAATGTCTACCCGTCTGCCCTTGGTGGTCTC
69,GTCCATCCATGTGAGCAGCTTCTGTTGAGCATTTGCCTGGTGCCGTTACCATACGAGGTGTTCAGGATACAGTGATAGATAGGACACA
15,CCTCTGCTTTCAGCTGCTGCTTGTTGATGAGCCACCATTCTAAGCAGGTCACATTACAAGGTGGTGAATGGTGAAATGGAGATGTTCATACATGGTTCTGGGAGAAGAA
17,AGCAGGGCTTTCCTGCTGCTTGCAGGAGTGGGTGTGGCAGAGGCTTGCAGGGAAGGAGGATCTTGGTGTCCATACAGCCCCCCGTTGGGCGGACCTTTGTGCAGTGCTAGGTGCTGGGCT
39,CCTGTGCTTAAAGAGAGGGGGCCAGAGAGAGTCGGCATTGGATTAGTGTTTCAGAAGAACGAATGTGGTGTGTTGGGGAATGCTCCTGAGTGCTC
18,AAGCAGTTGTAATTAACATTCGCACTGGTTGATCCCATGCCTTGCACCACGCACAGGTCTCCTTTCCAGTCCATCGGCCCTCCCATCTCCAAGGATCTATCCTTCATTACAGATTGTGTGTTTCTTAAATATTTTCTCCTTTTC
85,TGGAACTACGATCCTGAGTTCTGATGCCATGCCTGAGGCGTGTGGAATCACCAGAAAGTGTGTTCACGTAGATAGAGGAATTATAAGTCAACCTGTGTAAACATGTTAGGTGGAGCTCTTTCATATGAATGATGCTGAATTTCACCTTCTAAATTGAGTGTTCAGTTGAGCATCTTTTTTTTTTTTTAGTATTTATTTTGAGTTGTGCACTTGAGTTTCTCTTTCATGTTTGCGTGTGCATTTTCTAGAATGGCTTCAGTCATCCATCTTCTCTGGAGGCCTGCAGACCAG
64,CCACCTCAGTGCTCTGTTTATCTGAGGACTTTGACATAGGAATACTTATGTGCTCTTTGGTTAACACAGCACA
46,GGTTTCCCTGAAGTTACTTCCAGCTGTTCCTGTTGCAGG
25,ACTTATACTGATTTACTCACAAACCTGCTTATTGAACAGTATTGATTACTGACTTTCTGATGGGCATTTTGAACAATAAGCTTATGAAAGACTAAAGTGTGTTAGAAGCCATCCTAATTTGATT
31,TGTTTCAAGCTGGTTTTCTTTTTTTTTTGGAAATTAAGTAACTTGAAAAGATTAAGTGATTAATATTCCTGTTGCTGTG
55,TTGCAGGGTTTGAGCAACCCCGGCCTGCTATGTTAGCTCTTTACTGCCCAGATGTATTATCATGTTGCTTATTTTTTATATTATATGCTGAGGAGATTTAGACCAAAAATTTTAAAAGAGATAAAGTATAGGGAGGAAATTCCACATATCACAGT
71,TAGAGTCTAGTTTTTGTTCGATGTCTGAACCTTGAAGATTTTGG
89,CAATGGAAAGACGTAAGAAGATTGGATTCTAATATTTTTGTACT
100,ACAGGCATGTTTTCTTCTGTAGGGCCGTTTTCTGTTTTAAAAATTCATC
13,TTTCTAATACTTCTAATGTACTCTTTTGGAGGTAATGGTATATGAAACCCTATAAGAGCAATTCTAC
37,CTATGCCAAGTATAGATACATTATTGATGTGGAAAATTAGATCACAGAGA
153,GTTCAAATAAAATCGAATGAAAAGACACCATCTTGTGTAACTCTGTAGTTAATT
161,GGGTCGAGGCGGACGCGCGGCTGCGTCAGGTAAGCGAGGCCGGGCCGCCGGCGTTTGACCGCGCTTGGGTGGCCTGGGACCCTGTGGGAGGCTTCCCCGGCGCCGAGAGCCCTGGCTGACGGCTGATGGGGAGGAGCCGGCGGGCGGAGAAGGCCACGGGCTCCCCAGTACCCTCACCTGCGCGGGATCGCTGCGGGAAACCAGGGGGAGCTTCGGCAGGGCCTGCAGAGAGGACAAGCGAAGTTAAGAGCCTAGTGTACTTGCCGCTGGGAGCTGGGCTAGGCCCCCAACCTTTGCCCTGAAGATGCTGGCAGAGCAGGATGTTGTAACGGGAAATGTCAGAAATACTGCAAGCAAACTGAAAACAACCCATCCATGTAGGAAAGAATAACACGGACTACACGTAAGCAATTCCAAGTCTGTGTCTGCGGGGACGTCGCAAGTGGGATAAAATGGTTTAAAGGAAGAAATGGCTTTTAGGAGTTAGGGTGTTTTGTTTTAAGTAATACAGACTTGGTCAAATGGAAAGCCGGTAGAAAGTGAGCTTTA
46,TGAGAGAGTAATTGAGTGGTAAACTTACTGAACTTAGGGGACGGGGAAGTACATGTTCATAGAAGGGTTTAGGAGAAAGTATGCCTTCTAAATCCACACCCACGGTTTACT
182,GTGGGAGTAAAATAATTTCCAACCAAATCAGTCCACCTAGATTATA
135,CCATGGTAGCATTAATGAAAGTTTACCAAGAGGAAGATGAAG
101,CCTAAGAGATCTCTTGATTTCTGCCCCCTGCACTGGGCCATCTTTCCAC
109,TCCACATTATCACCAACACTTGTAATTGTGTGTCTCTTTGGTTACAGCCAT
106,ATTCCTTGTCGGCTAACTTGTACATATTTCTTATGCTTTGTAGAAGAAAAATTGCATATTGGATGACATAGC
57,GGTAGTCTAAGATCAAGGTGCTGGCAGATCCAGTGTCTTGTGAGGGCCAGTTTCTTAATTTGTAGATGACTGTCTTGCTGTGTCTTCACATGGTGAAGAGCAGAGAGAGAGATC
63,TTAGGCTTCAACATATGCATTTTGGGGGGACCCAAACAT
144,TCACTCATTTAAACAATTGTGTATTATTATTAATAGAGAGAAGCATAAGTTGACAACATTCCTCTCTAGAAAAAGTTATTCTAGGCAT
106,AGAGCCTTATTCATATGCAGTAAGGGACTGCTGAATGAA
34,AGGTGAGATCATGACTTATTATTGTCCTTTTAAAAATTGAATACCTAAAATTGTATATTAAT
62,AGGTTGGAAAAACTTAAGCTAATGCTAGCTCAAGAGACTCTGCAACT
16,TTTCAAGTCTGTTCATAACTAGTGAAGTCACAGTTTCTGAAAACAATGATAAAATTTTAATTGATATTTAATTCATATTTTTTGTTTAAAAAACTATCAGTATTGGA
15,AATTTTGCAAACCTGAGCTGTCTAAGCTCAGCATGAATTGGAGTGGGCTGCTGACTCAGGCTAGCAGAGGCAGCCAGGAAACATGCAAATCTGCAA
117,GCCTGCATTTCCAATAACATATTGATTTATATTTGTATTATGAAACAAAAGTGGTTGTAATCAGATGTTCTTTCCTTTTACACACAATGTTAGCTCCTATTTACATTC
55,TAATCTCATGACCAAATGCTTAGCGCAAGAAAAAACTTCAATTTGCAAGAGAAGTCCCTCCAAATACAGAAAGGA
190,CTTTGCCTCTATTTGTCGCAATAATATACTGTCAAGCTGTTCCTTGAGTTAGCAATTTTATTTACATTCTTTTTTTTTTCCTTTCCCTTTTCCTGCCACAGAGTCCCGCTCTGTCGCCCAGTCTGGAGTGCAGCAGC
129,CCTCCATCAGCCTTCAGAGTAGCTGGGACTACCTGCGCGGCCCACC
115,CATGCCTGCAATCCCAGCCACTCAGGAGGCTTAGGCAGGAGAACCACC
142,ACCTCATTTGGAAAAAGCATATTTTCAGGTATGATTAAGTTAAGGATCTTGAGGAGAGATTATCCTGGATTGTCTCCGTGGGCATTAAATCCTGGCACATATATCCTTATAAGAGGGAGATAAAGGAGATTTAACTTCAGACAGAAG
136,GAAAAACACCTGGAAATGTTACCAGGAGAGGGGTTAGTTCTCTTTTTGGCAACCCATGTTATTGCTTATGGCTTAATATCTGTGCCTCCAAGATCCCTTCTCTCTGCCTTCATCGATGCCAGGAAAGCAGTCACCTTTTGCCTTTCTTTGCTTCTCAGCAAGTGGCATGTCTCCATGTCACTTTAAGCAT
78,CTCAAGTTCAAAATGCTGAAGTGAAAAATGGGTGATCACAACGAAGGGAAACACAAACCCCTTCTTTTAAAAACATTATGGTGATAAGGC
27,CGAGTTTCTAGAACTTGCTTCTCTTGGAGAACTGAAACTATAGCCACTATACAACAACTC
90,TAGTGTAATGTTTTCAAGGTTCATCTATATTGCAGCATGTGACAGGGCTTCTTTCTTTTTTAAGGCTGATAATTTTATAGTATTCCGTTGCATG
86,TCTGTTGCCCAGGCTGGAGTGCGGTGGCATGATCATGGCTCACTGC
48,AGGGGAGTAACAGTGAAGAAACGGTCTTAGAATAAATCTGGTGACAGCAGAAGAGAATATGAGACAGATTGTGCTCACAGAGCCTT
243,TTTTATATCCCATATCTTCTAGCTATGACCCTATTTCTTTGTTTCTTGACATAGACAAACATTTTTTAAACTAAGAGCTTTATTGTGATACAGTTTTTGTATGATAAGCCTCACCCTTCAAGTGTACAGTTCAGTGGTTTTTAGTATATTCAGAGTTATGCAGCCATTACCACTCCCTAATTTCAGAACATTTTCATCTCCCCAAAAAGAACCCCGTACCCACTAGCAGTCACTCCCTGTACCTCTCTCCCCCACCATTGATCCTGGCA
117,TCTTTACAGTGATTATAAATCAAATGCCTGAAGACGCTAAGCTTAGGATAGTGTTTGCTGTACAACTTTGATAACTGAACTTTTGTAAAGCTGAAAATGTGACTGTGTCTGTATATGTGGCATATTATCCTTAGATGATCCTTACTTCGATTATTAAGAATTTTTTCCCCTAGTAATCTTCAACTGTC
39,AAGGAAGAGTGGGGTTCTTTAAAGGAAAGGTGGTGGTGGTTGGGTCATGGGTA
66,CATATTCTGTACAATACTCTCTTAGCCCAGTGGCAGGTTTAAGGAGTG
152,AGGACTTCTTTCCCTCATTTTATTATTGAATAATGTCACAATAACAATTATTAAGGTGA
107,AGGTTAGAGTGGTCTTGGCAAGTCTTCCAGGGGGAAATACAGCATTTGGAAGGGTAGGAAGCAGAAGGAATCTCAGGCAAGGGAAAGGCGTGGGCAGAGCCCCGGAGGACAGAACAGGTTGTGGTGGACTTGGTGTCCACATAGACCTAATTAGTGGTCTTAGCTTTTGTGTTTTCAAAATTACCACAGTTTGTGTTCTAAAACTGTCATTCTCTTGATTTTATTTTAGACATACTATCTGTGTATTTTGAAATTTAAAATAACAGTAAAGG
96,GGTCTGAACCATTTGATTCTCACGACAGAATGGATAAAAACAATTTGAACCAGGAAACCATGCAGA
129,GAGTTGTGAAGAATACTCAAATGCCGTTTAAGGAAACGGGTTCTTCTGCACCTATTCTTTGGAATATTTAGGGCTAAGTTCTTAGTTTTTGACATCATAAAAATGTCAAAGTATTCTGTTCTAAGAGCCATTTCAAACAACTGACTAGAATTTCAGAGCAATTACATGAGAGTAATACCATTAAAATGTTTAAATTACCCATAGTCCTATATCCCTAA
168,ACATTGTTTAAGCAGGAATAATTCTCGAGATAATTTTGTATGTTTCCTTTTTTCTTTTTAAGGTAGGTATTGGGTGGAGGAGCATTATATTTGCAACTTCTCGCAAAACACGTGATTATTTTCTTATAA
85,TAGAGAAATTTTAGTGTTTTTTTTTCATAGCTCCTACTTTCAAGAATGAA
117,AGTGACCTTTATTTAAGGTTCTAATTTGCTCATGTTGGGCACT
43,CCTCAAGTGGGAGTCAGGAATGCTGCTGTGTTCCAGAGAG
117,AAAGGCAAAGCCAGAGTGCAGCTTGGAGCAAAGAAGGTATTTTATTAAGAATTTTACATAAACCATAAGATATATTTTATATTACTTTGCGAGCCTTCTTCCTGTCTTGACTTAATTCTTTTT
136,AAGTATAAGAAAATTAAAGATACTAACTGATAATTGCTTAATGATTTAGTATCTGCTTGTTTAGTCTTTGTTATATTTACAGTAGGC
142,TTATTTAATTATTTATTTTTACTTTTTTTTCCTCTGTGCCTATGCTTACCAAGTCTTTTTATTTTTTACTTT
117,AATATCTGCATTTTGTAGATGAGGTAACTGAAGGTAGGTAACTTGTCCAAGGTCACAGGTGGCAGAGCAAGGATTAAAACTAGACAGTCTGGCTGCCCAAGGCCCAACGAAGAGGAGCTGAGAGCAAGCCACCGGGCAGAAGGATGTTGGTCAGGCTG
161,AGGACGTTACCGAGAAAGCCTTCCAAAGCCATAGGTTTTTTACCA
117,AGGCTGGAGTGCAGTGGCGCGATCTCGGTTCACTGCAGCCTACCTCTCTTGACAGTCCACTGGTTAAAGTGATTCTCCTGCCT
161,TTTAACGTCTCATTCTTCAGTCAGGTTTTCCTTGTTCCTGCGTGTTCAGCCATTTGTTTTTAAGTTTGTGTTGAAGGAGAAACTAACAACGAAAATGGACTTGTTGACGGAAGAAAAGTAGGAATGCAGCCTCTGGTGCTGTTTGAGTGATCCCTCTGCCCCAGGCCTGGCTGCGCGCTGCTGTGTTCTGGAAAGGCGCATTGTGCCCTCGCTGTGGCAGGTAAGAGTCCTGTACAGGTGCTCTGCCCACTTTACCTTTCAGGCTTCTGTATCAGCTGTTTTTCCCTTGTAGAATGTGCCCCTGACCTGTGCCCCTGACTTCCACCCCTTAA
256,TCATATTCAGTTCATGCTGATATTTTCCCTTCCTCCCCTCTTTAGTCCTTACTATTTTTGCTTTGGTCATGTTATGCTATATTCTGTAAGCCTTTAAAAATTTTGTTGTATCATGGCAGGGGAGAATATTTTATAATTATGCTTTGTGCG
146,GAGCCGGAGTGATAAAGCAAGGGTCCCTTTCTCCAGATCCTTTGTAACAGTGTCATGTGACCTCTTCTAGATCATTCTGAAAGACAATGCCAGCTCGGA
109,AGTTTCTTAATTGGGTTGGTACATGTAAACCATTTAGAA
66,TTTGTCTTTTCCTTGGTGAGCTGAAATAGCACAACAGTGTACTTAGTGTGGGTCTTTTTTCATTCAT
135,AATTTTATTTGGACTGTCATAACTTTAAGTTTTGTTTTGGTTATTTATTG
63,TGGTCTCATTTGGCAGCTCTCACTGTGTGGTTAAACAGTGTCAGGGACTGGT
43,TTTCTTTCTCCAAGAAGGTAGCCAATTCTTATTTTTGGCTTCCAGAAGCACAGAAATGGAGCTGCCAGGAGTTCTTAAGGCTT
175,TTGTCTTCTCCCTGGCATCTCCTTGTTCTTTAATAATTTTTTTCTTAGTTTATTTTG
29,AATTGATTGGGAGTTCTTTGTGGCCAAGACTTGTCAACTGATAGCTTTAAGGGGAATGTATGCTGATTCCTAATTGTT
155,TGATTGTGCCTTCAATTATATGTAGAAATATAATTTGTGAATTGCCTGATGAAATTTTCCTAATTT
48,GGGCCCTCTGGACACGCTGCTGTCTGGCCACGCCCCCTT
85,TCTTTGGTAAGAGTCCGGTGGGGTCCCCTGATTCCACGCTGCCAATCCTGGGCTCCAGTTTCCCCTTGGGGCCCTGAAGAAAGGGGCTGGGGGTCCCTGGTGCCCGGGACAAATAGGGAGCTTGGGTGCCCAG
152,TAGCCTGACTGGTTGTCAAGGTCCCCGTATTTCTGCCATGACTCAGTCC
51,ATCACAAGCTGCCAGAAGGAGGGGCCTTTCTGAAACTCCATCTCTAGAGGTTTATGTTGCTGTC
95,TAGGTTTCTAAGAGTATACCAGCCCTCTCTCTGAAATGA
172,TGTCTCTACTAAAAATACAAAAACATTAGCCAAGCGTGGTGGCGTGTGCCTGTAGTCCCAGC
147,TAGGGATATGATTTAGGGCAAGTTGCTAGACCTCATCGGGCCTCTCTTTTCACATCTGTATAATAGAGGTGATATTGTTTCACTTCCATTTGTGAAATTTTCATGAGATTTGTTATTGTTGTT
221,CCCGTGCCAAGAACGAGCAGTAGTCCTGGATTCAAGGTCCGTAGAAATCAGTCAA
85,CAGGAGAATCACTTGAGGTCGGGAGTTTGAGATCAGCCTGGCCAATGTGGTAAAACCTCATCTCTACTAAAATTACAAAAAAAAAAAAAAAAATTAGC
39,CAATTCATTTACTTCCTTTGAATGTTAGAGTCACTCATGATTATTTGTTTTTCTAATTTATAGTTTTAAGTTTATTTGTAAAAAGT
41,ACACCTGGCTATCAATCTGTGCCTATCCCACCAGTAATG
94,CAAAAAAATAAAAAAATAAAAAACTAACTTGGCATGGTGG
63,GTGGAGAACTCAGAAAAAAATGTTAAAATCTCTCTGGAA
190,AGTCACCCACCCAAAGTCACCCTGGGGTGATTGGCGAGGGCAAGGACTGGGCTGCTTTCTGAAGGGGTGGGGCTGACTGACAAAACTTTGGTGGGGGTAGCCCAAGGCACCGGGGTTGGGGGGACCAGTCCAGTGTGCCT
86,AAAATTAGGAAAATTTCATCAGGCAATTCACAAATTATATTT
69,ATGTTGCCCAAACTAGTCTTGAGCTCCTGGGCTCAAGTGATCCTC
74,TCCAGATGACCAGTCCCTGACACTGTTTAACCACACAGTGAGAGCTGCCAAATGAGACCAGCA
83,CTGTTGTGCTATTTCAGCTCACCAAGGAAAAGACAAACTCCT
217,AGGTAAAATTATCCTCAACCTAGAAATACATAATCAAGCAAACTATCAATCAAGTGTGAGGG
148,AGGCACTGTTCTAAATGGTTTACATGTACCAACCCAATTAAGAAAC
175,GATAAAACGCACAAAGCATAATTATAAAATATTCTCCCCTGCCATGATACAACAAAATTTTTAAAGGCTTACAGAATATAGCATAACATGACCAAAGCAAAAATAGTAAGGACTAAAGAGGGGAGGAAGGGAAAATATCAGCATGAACTGAATATGA
266,TTAAGGGGTGGAAGTCAGGGGCACAGGTCAGGGGCACATTCTACAAGGGAAAAACAGCTGATACAGAAGCCTGAAAGGTAAAGTGGGCAGAGCACCTGTACAGGACTCTTACCTGCCACAGCGAGGGCACAATGCGCCTTTCCAGAACACAGCAGCGCGCAGCCAGGCCTGGGGCAGAGGGATCACTCAAACAGCACCAGAGGCTGCATTCCTACTTTTCTTCCGTCAACAAGTCCATTTTCGTTGTTAGTTTCTCCTTCAACACAAACTTAAAAACAAATGGCTGAACACGCAGGAACAAGGAAAACCTGACTGAAGAATGAGACGTTAAA
136,CATTTGAGGTCAGGAGTTCAAGACCAGCCTGGCCAACACGGTGAAACCCCGTCTCTACTAAAAACACAAAAGCTAGCCAGGCGTGGTGGCCGGCGCCTGTAATTTCAGCTACTCGGGAGGCTGAGGCAGGAGAATCACTTTAACCAGTGGACTGTCAAGAGAG
195,ATGGTAAAAAACCTATGGCTTTGGAAGGCTTTCTCGGTAACGTCC
115,CAACATCCTTCTGCCCGGTGGCTTGCTCTCAGCTCCTCTTCGTTGGGCCTTGGGCAGCCAGACTGTCTAGTTTTAATCCTTGCTCTGCCACCTGTGACCTTGGACAAGTTACCTACCTTCAGTTACCTCATCTACAAAATGCAGATATTAATAATACCCTCTTTTTAATTTATCCAGAGGATTAAAAGAGTTAATAAAAAGTAAAAAATAAAAAGACTTGGTAAGCATAGGCACAGAGGAAAAAAAAGTAAAAATAAATAATTAAATAAAAAGACCAGTGCCTAGCACATAAAAGTTCATCAGGAATTAATTCTA
107,TGCCTACTGTAAATATAACAAAGACTAAACAAGCAGATACTAAATC
129,ATTCTCTCAAAAAGAATTAAGTCAAGACAGGAAGAAGGCTCGCAAAGTAATATAAAATATATCTTATGGTTTATGTAAAATTCTTAATAA
84,CCTCTCTGGAACACAGCAGCATTCCTGACTCCCACTTGAGGAGGCCTAACAAAA
128,CTAAGTGCCCAACATGAGCAAATTAGAACCTTAAATAAAGGTCAC
173,TGAATATTATAAGAAAATAATCACGTGTTTTGCGAGAAGTTGCAAATATAATGCTCCTCCACCCAATACCTACCTTAAAAAGAAAAAAGGAAACATACAAAATTATCTCGAGAATTATTCCTGCTTAAACAATG
107,ATACTTGTTAGGGATATAGGACTATGGGTAATTTAAACATTTTAATGGTATTACTCTCATGTAATTGCTCTGAAATTCTAGTCAGTTGTTTGAAATGGCTCTTAGAACAGAATACTTTGACATTTTTATGATGTCAAAAACTAAGAACTTAGCCCTAAATATTCCAAAGAATAGGTGCAGAAGAACCCGTTTCCTTAAACGGCATTTGAGTATTCTTCACAACTCA
129,TTACCCTATCCAAAATATGAACATCTGCATGGTTTCCTGGTTCAAATTGTTTTTATCCATTCTGTCGTGAGAATCAAATGGTTCAGACCATG
161,TAACTCTTTCTCAAACAAAATAAATTCGTTTCTCCTTTACTGTTATTTTAAATTTCAAAATACACAGATAGTATGTCTAAAATAAAATCAAGAGAATGACAGTTTTAGAACACAAACTGTGGTAATTTTGAAAACACAAAAGCTAAGACCACTAATTAGGTCTATGTGGACACCAAGTCCACCACAACCTGTTCTGTCCTCCGGGGCTCTGCCCACGCCTTTCCCTTGCCTGAGATTCCTTCTGCTTCCTACCCTTCCAAATGCTGTATTTCCCCCTGGAAGACTTGCCAAGACCACTCTAACCTGCA
128,AATTGTTATTGTGACATTATTCAATAATAAAATGAGGGAAAGAAG
86,TAAACCTGCCACTGGGCTAAGAGAGTATTGTACAGAATATGCACTCACT
63,GGGAAAGGAAGTACACAGTAGACATTGTTACCCATGACCCAACCACCACCACCTTTCCTTTAAAGAACC
76,AGGATAATATGCCACATATACAGACACAGTCACATTTTCAGCTTTACAAAAGTTCAGTTATCAAAGTTGTACAGCAAACACTATCCTAAGCTTAGCGTCTTCAGGCATTTGATTTATAATCACTGTAAAGAAAAAT
60,GCCCAGGATAGGCAAATCTACAGAGATAGAAGTTAGATCAGAGGT
299,GGGTTCTTTTTGGGGAGATGAAAATGTTCTGAAATTAGGGAGTGGTAATGGCTGCATAACTCTGAATATACTAAAAACCACTGAACTGTACACTTGAAGGGTGAGGCTTATCATACAAAAACTGTATCACAATAAAGCTCTTAGTTTAAAAAATGTTTGTCTATGTCAAGAAACAAAGAAATAGGGTCATAGCTAGAAGATATGGGATATAAAATACTGGAACAAA
71,TCTTCAAGGCTCTGTGAGCACAATCTGTCTCATATTCTCTTCTGCTGTCACCAGATTTATTCTAAGACCGTTTCTTCACTGTTACTCCCCTGTT
128,TAGTCCCAGCTACTCAGGAGGCTGAGGCGGCAGGATCGCTTGAGAATGTGAGATTCAGACTGCAGTGAGCCATGATCATGCCACCGCACTCCAGCCTGGGCAACAGAGTGAGA
69,TCTATCCATGCAACGGAATACTATAAAATTATCAGCCTTAAAAAAGAAAGAAGCCCTGTCACATGCTGCAATATAGATGAACCTTGAAAACATTACACTAATT
62,GAAAATAGAGCGGTTGTTTCCATAAGCCAGGGGATAGAGAAATGGGGAGTTGTTGTATAGTGGCTATAGTTTCAGTTCTCCAAGAGAAGCAAGTTCTAGAAACTCGTTACTC
130,TGCCTTATCACCATAATGTTTTTAAAAGAAGGGGTTTGTGTTTCCCTTCGTTGTGATCACCCATTTTTCACTTCAGCATTTTGAACTTGA
113,ATTGGGCTCCGTGTGCTTGATGCTTAAAGTGACATGGAGACATGCCACTTGCTGAGAAGCAAAGAAAGGCAAAAGGTGACTGCTTTCCTGGCATCGATGAAGGCAGAGAGAAGGGATCTTGGAGGCACAGATATTAAGCCATAAGCAATAACATGGGTTGCCAAAAAGAGAACTAACCCCTCTCCTGGTAACATTTCCAGGTGTTTTT
136,TCTTCTGTCTGAAGTTAAATCTCCTTTATCTCCCTCTTATAAGGATATATGTGCCAGGATTTAATGCCCACGGAGACAATCCAGGATAATCTCTCCTCAAGATCCTTAACTTAATCATACCTGAAAATATGCTTTTTCCAAATGAGG
189,AGCCGGGTGTGGTGGGCCGCGCAGGTAGTCCCAGCTACTCTGAAGGCTGAT
172,GCTGCACTCCAGACTGGGCGACAGAGCGGGACTCTGTGGCAGGAAAAGGGAAAGGAAAAAAAAAAGAAAAAGAATGTAAATAAAATTGCTAACTCAAGGAACAGCTTGACAGTATATTATTGCGACAAATAGAGGCAAAGGTTA
40,TTCTCTTGCAAATTGAAGTTTTTTCTTGCGCTAAGCATTTGGTCATGAGA
126,CAGTTAGGAATGTAAATAGGAGCTAACATTGTGTGTAAAAGGAAAGAACATCTGATTACAACCACTTTTGTTTCATAATACAAATATAAATCAATATGTTATTGGAAATGCAGGCTG
40,GCATGTTTCCTGGCTGCCTCTGCTAGCCTGAGTCAGCAGCCCACTCCAATTCATGCTGAGCTTAGACAGCTCAGGTTTGCAAAATTAT
26,TTTGTGACTGCAAAACTTAATGATTCAATGCTTTTCCCATGAAATTTATCTTCCAATACTGATAGTTTTTTAAACAAAAAATATGAATTAAATATCAATTAAAATTTTATCATTGTTTTCAGAAACTGTGACTTCACTAGTTATG
121,TTTTGCATGCATTTCCTAGTAAACAATGTAGACAGTATT
44,ATATACAATTTTAGGTATTCAATTTTTAAAAGGACAATAATAAGTCATGATCTCACCTAGTTGAGGCAAC
62,TTTCATTCATTCAGCAGTCCCTTACTGCATATGAATAAGGCTC
126,GCCTAGAATAACTTTTTCTAGAGAGGAATGTTGTCAACTTATGCTTCTCTCTATTAATAATAATACACAATTGTTTAAATGAG
102,TGAATGTTTGGGTCCCCCCAAAATGCATATGTTGAAGCCTA
100,GGATCTCTCTCTCTGCTCTTCACCATGTGAAGACACAGCAAGACAGTCATCTACAAATTAAGAAACTGGCCCTCACAAGACACTGGATCTGCCAGCACCTTGATCTTAGACTAC
164,AGCTATGTCATCCAATATGCAATTTTTCTTCTACAAAGCATAAGAAATATGTACAAGTTAGCCGACAAGGAAT
74,CTGTAACCAAAGAGACACACAATTACAAGTGTTGGTGATAATGTG
50,TGGCGTCTTTCAAAAGGTTAAACACTGAGTAATCACAGGACCCAGCAATCCTACTCCTCAGTACGTACACAAGAGCA
110,TAATCTAGGTGGACTGATTTGGTTGGAAATTATTTTACTCCCA
19,CAGTACAAAAATGACCCCACTAACAAGCTCCTTTTATAAAACCATTTTAATTTAGAAAGCTTATTCTATATTTAGCTTAGGCTGAATTCTTCTTTTCA
180,GCTTAGTAAACCGTGGGTGTGGATTTAGAAGGCATACTTTCTCCTAAACCCTTCTATGAACATGTACTTCCCCGTCCCCTAAGTTCAGTAAGTTTACCACTCAATTACTCTCTCAAACTACCTCTTTCAAGCTTAAAAGAGCACTAATGCGGTTAAACTGATGAATAAAGCTCACTTTCTACCGGCTTTCCATTTGACCAAGTCTGTATTACTTAAAACAAAACACCCTAACTCCTAAAAGCCATTTCTTCCTTTAAACCATTTTATCCCACTTGCGA
103,TTCCTACATGGATGGGTTGTTTTCAGTTTGCTTGCAGTATTTCTGACATTTCCCGTTACAACATCCTGCTCTGCCAGCATCTTCAGGGCAAAGGTTGGGGGCCTAGCCCAGCTCCCAGCGGCAAGTACACTAGGCTCTTAACTTCGCTTGTCCTCTCTGCAGGCCCTGCCGAAGCTCCCCCTGGTTTCCCGCAGCGATCCCGCGCAGGTGAGGGTACTGGGGAGCCCGTGGCCTTCTCCGCCC
27,AAGCCTCCCACAGGGTCCCAGGCCACCCAAGCGCGGTCAAACGCCGGCGGCCCGGCCTCGCTTACCTGACGCAGCCGCGCGTCCGCC
99,CAATTAACTACAGAGTTACACAAGATGGTGTCTTTTCATTCGATTTTATTTGAAC
66,AGTGAAAAATTCTAATTTGTAATGCATATCAAGTGAAAAGCCTCAGTTCAGCACTCG
36,ATCTCTGTGATCTAATTTTCCACATCAATAATGTATCTATACTTGGCATAG
36,GAATTGCTCTTATAGGGTTTCATATACCATTACCTCCAAAAGAGTACATTAGAAGTATTAGAAAATACTGATATTTATAAACAGA
41,AAACTCCACCTCCCGGGTTCACGCCATTCTCCTGCCTCA
41,TCTTTTTTTTTTTCTTTTTGAGATGGAGTCTTGCTCTGT
18,TTCAAGACCAGCTTGGCCAACGTGGTGAAACCCCGTCTC
41,CCTCCACCTCCCAGGTCCATGTGATTTTCCTGCCTCAGC
145,CCTAGGTCCTAGAAGGGTAGTTGCCCTGGAGAAAGAAGCTGAAGAATGGACC
41,TTTTTTTTTTTTTTTTTTTTTTTTTTTTTTTGTATTTTT
41,CTAGGGAGGCTGAGGCAGGAGAATGGCGTGAACCCGGGA
41,TACCTTTTTTTTCTTTTTGAGATGGAGTCTTGCTCTGTC
41,ACTACACTCCAGCCTGGGCGACAGAGCAAGACTCCATCT
37,TTTTTTTTAGTAGAGATGGGGTTTCACCGTGTTAGCTAG
41,CTCTTTCTTTTTTTTTCTTTTTGAGATGGAGTCTTGCTC
89,AGAACAGATCTTACAGTGGCTTTTTTTTTTCTTTTTGAGAT
41,GCACACACCACTATGCCAGGCTTTTTTTTTTTTTTTTTT
723,GAAGGCCTTCCCGCAAAGCTGTGGGTGATGGAGCGGAGCTGGGAGTTGATGTACTTGTTGATGAGCCCATTCCACTGAGTCAGGGAGTG
216,AGGTAATTACACTCAAGTTGATTAGTGATTAGGATTGTCAGGGACTTTAGAAAAAAGCAACATTACAGATGCATGTGTTTAATTAAAAAAGAATT
31,AAATATATTGCAGTTTGTAAATTAATTCAAACTAATTCA
31,TCTCCACAATCTTGCTTATATTTAATCTGCACCACTTAA
481,CAGTAATCCCCTCACACTCACACTCATGCCTCCCTCGTGCTCACCCTCACACACACACTGGCTCAATGCACTGACGCTTTCACTCCCACT
86,CCTTTCAGAGACAGAAAAGGACATGCAGAACACAGGGGC
152,GCACCTGGATTTGGGACTTCTGGTCTCCAGAACTCTGAGAGAACAA
183,AACCTGGATCTCCACAGATAGGATCTAGCTTTCTTGGTCCACCCCTAAATTCT
312,CGAGACCGCAGGGCAATTCCACCAGGCCTCGGCTCACTCGCTCAGATGCAGGCTCAGCACCAAC
138,CTTCCTGAGTCACCCACCAGAGTCGTCCTCTGTGTCCGAATCCTC
415,CACTGGACTCTTATCCACCCGTCCTCTCCCAGCTCACCAATCACTCGGCCTAGGCCTGGAGGAGGCC
334,TGCCCTGCCCTGGTCCTTCCATGGCTCCCACCAGACCTCAGTTAGGAGGGTGCGTGCCCTGCCCTG
583,GGTCCTTCCATGGCTCACACCAGACCTGCCACACAGATGTCGCCATATGCCACCCTGTCTGTCAGGGGCTGTCCCCAGACACAGATTTCACCTCTCCTACAAAATGTGTGCTTGCATCATTTTAAATTAAATGGCATAAAATAACGTGCTCATGCT
308,CCATGGGAAGGTGAACACTGCCCTAACTTAGCTAGGGCTGTGGTAAGTGACTTCC
332,GCTTCCTGCCTCAGAGCCTTCACTACACCAACTTTCAGAATGAGATTTACTCTCTTGCTCACTCTCACTCTTGTTCCAGTGACCCATCAAACTGAGCCTCATGCCAGTGAGTTTCCTGAAAAGAGCTGCCTCTCTTTCCAGACTTGATTCTGCTCAGATGC
308,CAGAAGATAACTAATGTGTGGCTAATGTGTTCACATCAAATCTCTGAGTACCTGATCGCCCCATTTCCAGTCCA
334,ATAAATATCCTAGGAAGATATAAAAGATATTAAAATGCTCAGTAAAGCTACTTTCTCTACT
83,TTTTTTATTAATAGAAAAACAAAGATAACTACCTAAATATCTAACAGTGGGAAACTGACAAACTTTAATCATGGTTCTGTGCAGAAGACAGCTAACAGCTGGCCCGAGATACA
107,TGTCCCTTCACTGTAATAAACTATAGCCCTGAGTACAACTACATGCTGAGTC
68,TCTGGTAACTCCCTTGATTTTAGTTTTCTCCTCCAGGTGGGA
348,ACAGGAGTTGCATTCCAGGTGGATCTCCCAGGATCCCCTGGGCAGCTATACTGTTAACTCTGTAAAGACTGAATTTATTGCTAAGGGCTTGAATAAATT
105,AAGAAGGATACCCTGATCAGGGCAAGCTGCAAATATAGACGGATATTCATGAGACACAACTTCCTTGC
89,TTTCGCTATGTTGCCCAAGTTGGTCTCAAACTCCTGAGCTCAA
70,TCAGTTTTAGCCAAAGAACACCACCATAAACCAATCAGATCTA
150,ATGATGAGAAATTAATAACAAAAGGAAAAGTGGAAAATTCACAAGTAT
216,AAGATGATCTCAAATCAATAACTCTACATCTGGAAGAACTAAAAAAATAAGAACACAAT
70,AATAATCTACAAAACCAAAAGTTCGGTTTCTGGCAAGAACAAAAAA
129,AATAAAAAAGATTATAAAAGAACACTGTGAACAACTGTATGCCAACAAATAAAA
108,TTCTATGAGGCCATTATTACCCTGATAACTGTAAAACAATAAAATATTGCTGAA
118,TTGTACCATATGACCCTGTAATTCCAGTCCTAGGTGTATAATCAAAAGA
116,GCCATAAAAATAAAGTACTGATATATACCAAATGAAATAACCCAGACACAAAGGCCACAAATGGTATGA
46,AATTGCGACGTTAAAATGCTACACTTTCTGCTATTTGTG
122,ATCTTGACGTTTTCCCAAAGGCTCTCAAGCCAGTGCAGACC
43,TTAAAATCTGAGAAAGCTGACAGCAGCATAGATTATACA
99,TCAAATCAACATCCTTTAAACAATCAGTAAGAGGTTCCCTTTCAAATAAA
31,GAACAAAGAATATATTTAAGGAATGAATGGTGAATAATTAATGATACAATCTAGTACCAAAAATAAAAGGAAACCCTTCTCCAGCTACAGCTCTGACCAGGACA
60,TAATTGCAATGGGTCTCTTGTCCACATTTATTGGACTAT
182,TTTATCTCTTTTAAAATTTTTGGTCTAAATCTCCTCAGCATATAATATAAAA
59,AAAAAAAAAAAAAGAAAACCAGCTTGAAACAACACACAATAAATCTATAAACCCACAAGAAACTCTAAAAGTGACAGTGTGG
69,AGGCTGAGGCAGGGGAATCGTTTGAACCTGGGAGGCGGA
56,ACAAAAAACATTTCTTTAGAAGAATGGCAATAAGTTTAAATGTTCCCATTA
171,GCAAAGATTATTTACGTTTTCAACATCAATTTACTAGTAATCAAATCATACCACACTCAATTCCT
56,TTAATGAGCGAACATTTTGCTTGGTAGACAACTCTACAAACATCCACCAC
138,ACACAATCAGGTTCTCACCTCAAAACCCTCCAAATAATACATGAAACAAAGTCTGTGCTATGTTAACCAAAGAGCACATAAGTATTCCTATGTCAAAGTCCTCAGATAAACAGAGCACTGAGGTGGCA
54,GGATGACTGAAGCCATTCTAGAAAATGCACACGCAAACATGAAAGAGAAACTCAAGTGCACAACTCAAAATAAATACTAAAAAAAAAAAAAAGA
75,CATCCTCAGGGTAGGCTATGTATTCCTAGAGCACTTATAAAG
195,TTAGGTGGTTACAAAGGCTGCCATCCTGAAATATAACTGACTTGAGCCTGGTCTG
57,CTGTGCAATTTCTGGGCATGCAGGGAGACAAAAGCCATG
140,GAACCACTGTGCCTGGCCCTCTCCCACTCTTAATGGCACTTACAGTTCAAAAAAAATAATCTGCTAATCAGCAAAAAGCAAAGATTTTCTTACTGGCACATTCAATCTCGACAGGAGACAGCGGTGTGCTCATTGCTAAATAGGAAGTGTGTAATCCGAGAAGCAGGCCCAGATTCCTCTCTGTGTCTA
156,CATCCTGTAATGAGTTGATGCTGCTGTGCCCAAGTAACAGCAGATAC
129,TGTTGATAAGACAGACACCAAAGCCACAGATACATTAAAATATGCGGGGGCTGGCAC
97,GAAAACCTGAGTGGTGGTCACCTATGCAAGTGCTAGGATACCAACTCAATATTATGAAAAATA
69,CATGTTAACACAATCAGGTTCTCACCTCAAAACCCTCCA
221,TGGATGACTGAAGCCATTCTAGAAAATGCACACGCAAACATGAAAGAGAAACTCAAGTGCACAACTCAAAATAAATACTAAAAAAAAAAAAAGATGCTCAACTG
101,GAGCTAAGATGAGGAATAAGACCCAGACGCTGAGTATCCAGGCAGGGAACAGCATATCTGAAGGGTTTCTACAAAGAATTACATCCTCAGGGTAGGCTATGTATTCCTAGAGCACTT
89,CTGTGCAATTTCTGGGCATGCAGGGAGACAAAAGCCATGCTG
86,TGAACCACTGTGCCTGGCCCTCTCCCACTCTTAATGGCACTTACAGTTCAAAAAAAATAATCTGCTAATCAGCAAAAAGCAAAGATTTTCTTACTGGCACATTCAATCTCGACAGGAGACA
94,TGTAATGAGTTGATGCTGCTGTGCCCAAGTAACAGCAGAT
134,TGTTGATAAGACAGACACCAAAGCCACAGATACATTAAAATATGCGGGGGCTGGCA
83,CTGAGTGGTGGTCACCTATGCAAGTGCTAGGATACCAACTCAATATTATGAA
37,CAGGCGCCCGCCACCGCGCCCGGCTATTTTTTTTTTTTT
41,TCCCAAGTAGCGGGGACTACAGGCACCCGCCACCACACC
65,CGGGCGTGGTGGCGGGCGCCTGTGGTCCCAGCTACTCGGG
41,CCGGGCGTGGTGGTGGGTACCTGTAGTCCCAGCTACTAG
37,CTGGGCGACAGAGAGAGACTCTGTCTCAAAAAAAAAAAA
41,TTTTTTTTTTTTTTTTTTTTTTTTAGACAGGGTCTCACT
41,TTGGGAGGCTGAGGTGAGAGAATTGCTTGAGCCTGGGAG
89,AGGTACCCACCACCACGCCCGGCTAATTTTTTGTATTTTTA
41,CAGCTCACTGCAATCTCCGCCTCCTAGGTTCAAGTGATT
41,GGAGACTGAGGCAGGAGAATGGCGTGAACCCGGGAGGTG
89,CGTGAGCCACCGCACCTGGTCAAAAACCTCAGTTTTTAAATTTGA
41,TTTTTTTTTTTGAGGCGGAGTTTCGCTCTTGTTGCCCAG
41,ATGGTGTAACCCCATCTCTACTAAAAATACAAAAAATTA
41,CAATTCTCCATCTCAGCCTCCTGAGTAGCTGGGACTACA
41,TTTTTCTTTTTTCTTTTTCTTTTTTTTTTGAGACAGAGT
65,AGAGCTGTGTGTGTGTGTGTGTGTGTGTGTGTGTGTGTGTG
41,TTTAGTAGAGATGGGGTTTCAGCGTGTTAGCCAGGATGG
41,TCAGCCTCCTGAGTAGCTGGGACTACAGGTGCCTGCCAC
89,TTTCTTTTTGAGATGGAGTCTTGCTCTGTCGCCCAGACTGGAG
41,CAGGCGTGAGCCACCATGCCAGGCTTTTTTTTTTTTTTT
41,CTCACTGCACCCTCTGCCTCCTGGGTTCAAGAGATTCTCCTGCCTCAGCCTCCTGAGTAGCTGGGATTACAGGCATGTGCCACCATGCGGGGCTTTTTTTTTTTTTTTT
41,GTCTTGCTCTTTTGCCCAGGCTGGAGTGCAGTGGCATGA
41,ACTCTAGCCTGGGTGACAAAGCAAGACTCCGTCTCAAAA
41,GTCAGGAGTTTGAGGCCAGCCTGGCCAACATGGTGAAAC
115,TGGCTATATTTTTGTATTTTTTTAGTAGAGATGGGGTTTCAC
18,TGGCTCTTTTTTTTTTTTTTTTTGAGACAGGGTCTCACT
18,AACTCCGTCTCAAAAAAAAAAAAAAATTAAAAATTAAAA
41,GCATGGTGGCATGCGCCCGTAATCCCAGCTACTCAGGAG
18,AAAGGCCAGCCTGGCCAACACGGTGAAACCCCATCTCTA
41,TTTTTTTTTTGAGATGGAGTCTCGCTCTGTCGCCCAGGC
150,CACAGCGAAACCCCGTCTCCACCAAAAAAAAATACGAAAAC
41,AAAAAAAAAAGAGGTTTAATTGACTCACAGTTCCACATG
41,AAAAAAAAAAAAAAAAAAAAAATTAAAATTAGCTGGGCC
41,GCCTCCCAAAGTGCTGGGAATACAGGTGTGAGCCACCAC
89,CCTCAGGTGATTCACCTGCCTCGGCCTCCCAAAGTACTGGGATTA
41,CGTGTATATGTGTGTGTGTGTGTGTGTGTGTGTGTGTGT
41,AGAGACGGAGTTTCACCGTGTTGGCCAGGATGGTCTCAA
41,TTGTATTTTTTTTAGTAGAGATGGGGTTTCACTGTGTTA
41,GAAAAAAAAATACAAAAATAATTAGCCGGGCATGGTGGC
41,TTGGCCTCTGTAGGGCTTTTTTTTTTTCTTTTTGAGATG
41,CTAAAAAAAATAAAAAATAAAAATTAGCCAGGTGTGGTA
41,ACCCCATCTCAAAAAAAAAAAAAAAAAAAAAAAAAAAAA
65,GTACAAAAATAATTAGCCGGGTGTGGTGGCATGTGCCTGT
41,TCCAGCCTGGGTGACAGAGCAAGACTCCATCTCAAAAAG
41,TTTTGAGATGGAGTCTTGCTCTGTCGTCCAGGCTGGAGT
41,GCCATGAGAATCACTTGAACCCAGGAGGCGGAGGCTGCA
41,TTCTTTTTTTCTTTCTTTCTTTCTTTTTTTTTTTTTTTT
41,AACACGGTGGAACCCCGTTTCTACTAAAAATACAAAAAA
309,ATATTTTTGTATTTTTTTAGTAGAGATGGGGTTTCACCGTGTT
89,ACAGGTACCCACCACCACGCCCGGCTAATTTTTTGTATTTTT
65,TGGCGTGAACCCGGGAGGTGGAGCTTGCAGTGAGCCGAGAT
97,AAAAAAAAAAAAAAGTAAGTAACCTGCCACGGTTCATACA
185,ACCCGGGAGGCAGAGGTTGTGGTGAGCCGAGATCACACCATTGGACTCCAG
18,AATGAGAGATTTGCTATACCGTGAGAAGTCAACAACTTAGCCACCACTTCCCCGCAATGGACCATGTAACAAA
31,GGAAAAGCATTGATGTTCTCCCGGACACAAGGGAGGCAGAATCTCTTGGAGTAGAATAAACTGCATTCCTTAAAGAAGTGGACAAGGA
22,CCTGCTCTGCTCCATCACGGGGCAGTGACAACAATGGAA
28,CTGGACTCTTACATAGGAGAAAGTAAGTAAATAACTATTTGC
30,GGTTTTTTAATTGGGGAAAGCTGTTTTTTTGTTTTGTTTTGTTTT
41,AGTGGAGGTGAAATGTGAGCTACTGAAGCATATGTGGGGCTTGCTGGGCAGAGACAAGGGAAAGAGTTACTCTCAGAGAA
55,AGGCCTAGGGTTTGTCAAAGCGGCCAGAGGCTTTGTTTAATAACCTTTGACACTTTTTAAAATGTGCTTCCTACTTACGCGTCTATGGCCTCTATAATTAGACAGTCCTGATAGAGGCCTAAGCACAAGG
51,GCGGTGGCAGGATGTCCTGCCTGTGGCCCGGAAGCACAGCCGAGACCACATCCTGCTGTTCAATGACGCACACTTCCTGATGGCATCCCTGGGTGCACACGACCCCCAGACCACACAGGAGCTGCTGACCACCCTG
19,CCTCCTAAATTCTGTCTGAAGTTGTTCCTTTTGTTTTGTTACAATGCTGGATATACCACACAGTAGGGATTTCATTTGCTTTAATAAGCAACCTCTTCCAAAAACTCCCCTCCTCTGCAATGGC
15,CTCTACATTTTTCACAAGTTTTTCTTGGTTGTTGGATATTGTCAGGTGTACA
25,CACAAACACAGTGTAATGAATTATTATTATCCCAGTAAAGTCATGGTTCGGGAAAAT
22,CTGCAGCAGGGTGGCCCTTTGTGTACTTGTCTGAGCCAGTGCCACCTACACTCAAGTTGGGACA
19,TTTACCTGACCGCACACTTCCTTTCTTGGACTTAGGTGACTCCCCGGACAGCTCAACACCAAAGCTTTCGCGGGCACA
38,TGCTGTAGAATGACTCACGCATCTGCTTACCTCAACCATTTGGTAACCCTGCAGCCTGGCCTGCGCATCTGGCTTCCACGCCAGTCTCTTGGGTGCAGGCCGAGCTCCTGATGTGTACCAGCCCCTTTTAGATCTACTGCAGACTTAAGACATCTGAGACTTCCGCGATGCAGTACGGCAGCTCCCAGCCC
44,ATTTCCCAGGGGTAGAAAAGGAAATCTGAAATTGGATTAAACCATGCAGCAAATATTTACTGAGGCTCTGCTATGGG
19,GTTACTGCATTAGATGGACACTGTGAAGACGTGCAGCTATGTCATGGGCTCAGCA
25,ATGGTGGCAGGAGAGTTTTAAGGTATTCATTAGGCTGAGTTGTATGCTGGTCTCTTAATCATCCCTGAACCCCGATACACAGATACAGTTTCTCCAATTTTATGAAAGA
19,CCGTTGTGGAGATCATTTGGAGATTACCTAAAGTATTTAGAA
25,TAAACATTATTTCAAGGACACATAGTCTGATCGCTGCTTCCACTGGGGCCCAGGGGGCT
34,GTCAGCGTCAGCGGCGGCGGGTAGGTGACTTTATTTTTCAAGATGCCTGGGAGGAGGAGACACGGCAA
31,GCATAACAGAGATAAATTACACACTTGCTTATGAAACGA
41,GAGTGAGACCCCATCTCAAAAAAAAAAAAAAAAAAAAAA
41,TTTTTTTTTTTTTTTTTTTTTGAGACAGAGTCTCGCACT
41,TTTTTTTCTTTTTGAGATGGAGTCTTGCTCTGTCACCCA
41,CCCTTTTTTTTTTGAGACAGAGTCTCGCTCTGTCGCCCA
37,AGATCAAGACCAGCCTAGCCAACATGGTGAAACCCCGTC
41,GATTGCCTGAGGTCAGGAGTGTGACACCAGCCTGACCAA
41,GAAATTTCTAAGCAGCAAAGCATTCAAGAAGTGACTTGG
41,TATTTTTAGTAGAGACGGGGTTTCACCGTGTTGGCAGGA
41,TTCTTCTTCTTCTTCTTCTTTTTTTTTTTTTGAGATGGA
41,TGTGTGTGTGTGTGTGTGTGTGTGTGTGTGTGCATGTGT
65,TTTTTTGTATTTTTTTTAGTAGAGATGGGGTTTCATCGTGTTAGCC
115,TGATTTTTTCCAGTTGCTTTTTTTTTTCTTTTTGAGATGGAGTC
41,GGGTTTTTTTTTTTTTTTTTTTTGAGGCAGAGTTTCGCT
41,CTGGGACAACAGGCACCCGCCACCACACCCGGCTAATTA
89,ATATATGTTTTTTTTTTCTTTTTGAGATGGAGTCTTGCTCTG
89,CTGTCTTTACTAAAAATACAAAAAAAAAAATGAGCTGGGCATGGT
41,CGTGGTGGCGGGAGCCTGTAGTCCCAGCTACTAGGGAGG
41,TCTAAGCAGCAAAGGATTCAAGAAGTGACTTGGATGCTG
89,GCACGATCTCTGCTCACTGCAAACTCCACCTCCCGGGTTCACGCCA
41,TGGAGTGCAATGACGCGATCTCGGCTCACTGCAACCTCC
41,TCGTGCCACTGCACTCCAGCCTGGGCGACAGAGAAAGAC
41,AGAGCTGTGTGTGTGTGTGTGTGTGTGTGTGTGTGTGTG
37,AAAAAAAAAAAAAAAAAAAAAACAAAAAAAAAAAAAAAA
37,TGTCTGTGTAGAAATAAGTAGACATAGGAGACTCCATTT
41,CGGGCATGGTGGCAGGCACCTGTGGTCCCAGCTACTCGG
41,TTTCTTTGAGACAGAGTCTTGCTCTGTCACCAGGCTGGA
41,TGGCCAACGTGGCAAAACCCCGTCTCTACTAAAAACACA
41,GGTGTGGCGCACATCTGCAGTCCCAGCCACTTGGGAGGC
41,GCTCTGGCGCCCAGGCTGGAGTGCAGTGGCACGATCTCG
65,TTTTTTGTGTTTTTTTTAGTAGAGATGGGGTTTCACCGTGT
41,ACCCGGGAGGTGGAGTTTGCAGTGAGCCGAGATCGTGCC
65,TTTTTTTTTTTTGAGACAAAGTCTGGCTCTGTTGCTCAGGCTGG
41,CCAGGTTCACGCCATTCTCCTACCTCAGCCTCCCTAGTA
41,ATCTTCTCTCCCCCTCTTTTTTTTTTTTTTTTTTTTGAG
89,AAGGTGGAGTTTGCAGTGAGCCGAGATCGTGTCACTGCACTCCA
41,TTTTTTTTTTTTTTTTTTTTTTGAGATGGGGTCTCACTC
195,TCGGCTCACTGCAAACTCCTCCTCCCGGGTTCACGCCATTCTCCTGCCTCA
41,ATATGGTGAAACCTTGTCTCTACTAAAAATATAAAAACT
41,GGAGGTGGAGTTTGCAGTGAGCCGAGATCGTGCCACCGC
141,TCGCGCCACTGCAGTCCAGCCTGGGCAACAGTGTGAGACTCCGTCT
65,TTTTAGTAGAGACGGGGTTTCGCCATGTTGGCTAAGATGG
41,CCTGACCTCGTGACCCGCCCGCCTCGGCCTCCCAGAGTG
41,TCTCTTTCTCTCTCTCTCTCTCTCTCTCTCTCACACACA
41,CACGGTGAAACCCCATCTCTACTAAAAATACAAAAAAAA
41,CTACTAGGGAGGCTGAGGCAGGAGAATGGCGTGAACCCG
41,GGCGGAGCTTACAGTGAGTCGAGATCACGCCACTGCACTCCAGCCTGG
41,AGAGCTGTGTGTGTGTGTGTGTGTGTGTGTGTGTGTGTG
18,TAGGGGCCAGGCTCAGTGGCTCATGCCTGTAATACCAGC
41,ACCACTGTCCTCCAGCCTGGGTGACAGAGCAAGACCCTG
41,GAGACTCGGGAGTTAGTGTTTAATGGGTATAGGGTTTCA
41,GCTAATTTTGTATTTTTAGTGGAGACGGGGTTTCTGCAT
41,TTTTTTTTTGAGATGGAGTCTTGCTCTGTCGCCCAGGCT
65,ACTTTGGGAGGCTGAGGCGGGCAGATTGCTTGAGGTCAGGAG
65,TAGCTGGGACTACAGGCCCCCGCCACCACACCCGGCTAAT
18,AGGAGGCAGAGGTTGCAGTGAGCCAAGATTGCGCCACCA
41,TTTTTTTTTTTTGAGACAGAGTCTCAGTCTGTCGCCCAG
41,ATGCCTCTGTGTGTGTGTGTGTGTGTGTGTGTGTGAGTG
65,AATTAGCCGGGCGTGGTGGCGGGTGCCTGTAGTCCCAGCT
89,GTATTTTTAGTAGAGACGGGGTTTCGCCATGTTGGCTAAGATGG
41,TCTTTCTTTTTTTTTTTTCTTTTTGAGATGGAGTCTTGC
41,GTTGGCACCTTGATCTTGGACTTCCAGCCTCCAGAACTG
65,ACCAGCTTAGCCAACATGGCGAAACCCCGTCTCTACTAAA
158,AAAATTAGCCAGGTGTGGTGGCGGGTGCCTATAATCCCAGCTACTC
41,GTCAGGAGTTTGAGGCCAGCCTGGCCAACATGGTGAAAC
84,TGGCTAATTTTTTGGAATTTTTTTTTTTTTTTTTTTTTTTT
18,AAAAAATACAAGAAATTAGCCGGGCATGGTGGTGGGCGC
41,CAGTGAGCTGAGATCATGCCACTGCACTCCAGCCTGGTG
18,TTGGGAGGCTGAGGCAGGAGGATTCCTTGAGCCCAGGAG
41,GAACCTGGGAGGCGGAGATTGCAGTGAGCCGAGATTGCG
41,ATCCGGCTAATTTTTTGTATTTTTTTTTTTTTTTAGTAG
41,AGGCACCAGCCACCATACCCGGCTAATTTTTTTTTTTTT
41,GCACTCCAGCCTGGGCGACAGTGCGAGACTCTGTCTCAA
41,TTTTTTTTTTTTGAGATGGGGTCTCACTCTGTCACCCAG
41,CCACCACGCCCGATTTTTTTTTTTTTTTCTTTTGAGACA
65,TGGCACGATCTCGGCTCACTGCAAACTCCTCCTCCCGGGT
41,CGTATTTTTTTTAGTAGAGATGGGGTTTCACCGTGTTAG
41,AAAAAAAAAAAAAAAAACTCTACAGTTTTACTTCTTCCC
41,CTAAGCAAAAAAAAAAAAAAAAAAACAAAACAAAAACAA
41,CCTCCTCTACTAAAAATACAAAAAATTAGCCGGGCATGG
195,CTCCCGGGTTCACGCCATTCTCCTGCCTCAGCCTCCCTAGTAGCTG
