ID,Chr,Start,End,Score,Sequence
1,chr1,9975360,9975398,18,GCATGGTGGCATGCGCCCGTAATCCCAGCTACTCAGGAG
2,chr1,26869106,26869144,41,AAAAAAAAAAAAAAAAAAGGCCGGGGGCAGTGGCTCACG
3,chr1,31561433,31561476,60,TCACGCCACTACACTCCAGCCTGGGCAACAGAGCGAGACTCCGT
4,chr1,75114223,75114261,41,TGTGTGTGTATATATATATATATATATGTGTGTGTGTGT
5,chr1,96745289,96745327,41,AGTAGCTGGGACTTCAGGCACCCGCCACCACACCCGGCT
6,chr1,109672978,109673033,65,TCCTGCCTCAGCCTCTTGAGTAGCTGGGATTACAGGTGTGTACCACCACGTCCAGC
7,chr1,117007344,117007382,41,ACTTCCTAGTTTGCTTTTTTTTTTTTCTTTTTGAGATGG
8,chr1,147430877,147430915,41,GTGTGTGTGTGTGTGTGTGTGTGTGTGTGAGAGACAGAG
9,chr1,151528406,151528447,89,TACAATCCAATGGGTTTTTTTTTTCTTTTTGAGATGGAGTCT
10,chr1,161016395,161016435,65,GAACCCGGGAGGTGGAGTTTGCAGTGAGCCGAGATCGTGCC
11,chr1,175042080,175042121,89,ATTTTTAGTAGAGACGGGGTTTCGCCATGTTGGCTAAGCTGG
12,chr1,185173524,185173564,65,CTCTACCAAAAAAAAAAAAAAAAAAAAATACAAAAATTAGC
13,chr1,195420468,195420506,41,GCACCACTGCCCTCCAGCCTGGGCAACAAGAGCGAAACT
14,chr1,202037637,202037676,65,ACCATGATTCTGAGGCCTCCCCAGCCATATGGAACTGTAA
15,chr1,209027680,209027718,41,CTCCTATTGACACTTGCTTTTTTTTTCTTTTTGAGATGG
16,chr10,17251249,17251293,140,TTTTTTCTTTTTGAGATGGAGTCTTGCTCTGTCGCCCAGGCTGGA
17,chr10,28507226,28507264,37,TGGAGTGCAGTGGCACGATCTCGACTCACTGCAAACTCC
18,chr10,45851911,45851954,89,CAGACTTTTTTTTTCTTTTTGAGATGGAGTCTTGCTCTGTCACC
19,chr10,75360303,75360341,41,TTTTTAGTAGAGATGGGGTTTCGCCGTGTTAGCCAGGAT
20,chr10,95950814,95950853,85,ATATCTGCTTTTTTTTTTCTTTTTGAGATGGAGTCTTGCT
21,chr10,102100102,102100140,41,ACTCCTGACCTCAAGTGATCCACCCACCTTGGCCTCCCA
22,chr11,13921379,13921417,41,CGCGCACACACACACACACACACACACACACACACACAC
23,chr11,47635212,47635250,41,GAGATACAGAGGTATGTGCCACCAGGCCCCGCTAATCTT
24,chr11,66614576,66614615,65,TCAGCCTCCCTAGTAGCTGGGACTACAGGCCCCCGCCACC
25,chr11,78736447,78736485,41,TGTGTGTGTGTGTGTGTGTGTGTGTGTGTGTGTGCGCGC
26,chr11,86903630,86903668,41,CCACCACCACTCCTGGCTAATTTTTTTGTATTTTTAGTA
27,chr11,118102514,118102552,41,CCCAGCCAACATGGTGAAACCCCGTCACTACTAAAAATA
28,chr11,118962770,118962811,89,ATTTTTAGTAGAGACGGGGTTTCGCCATGTTGGCTAAGCTGG
29,chr12,22479245,22479288,89,TGTATTTTTAGTAGAGATGGGTTTTCATCATGTTGGCCAGGCTG
30,chr12,31865626,31865664,41,TGGTGAAACCCCGCCTCTTCTAAAAATACAAAAAATTAG
31,chr12,32268597,32268636,65,ACCAGCTTAGCCAACATGGCGAAACCCCGTCTCTACTAAA
32,chr12,49435642,49435680,41,TTTTTTTTTTTTTTTTTTTTTTTAATTGATCATTCTTGG
33,chr12,52121882,52121935,25,CTCCGGAGCAGCACAGGCGCCTTGCAAATGTGGAAATGCTCTTTTCTCAATCTC
34,chr12,52143518,52143669,38,TGACCTCCTCTCTTCTCTTCCCCTGGGTCATGCCCTCTAATTTGGGCCTGGGTGCTCAGTAAGTTCTAGAAGCAGTGGGTGGCCAGGGGGTCTGGGGCACGGAGGACTCTTTTTTTCTGGTCTGGGTCCTGGGTTGGGTCCTTGTCCCCTAT
35,chr12,52143891,52143948,29,TGGGTGTGTACATGCAGCTTAGCTGTGTGTGTGTGTGTGTGTGTGTGTGTGTGTGTGT
36,chr12,52144744,52144917,47,CGGGGCCTGGGCCTGGATGGCAGCTGGAGGGGAGAGGTTCACTGGGAGGAGAATCTCCTTTTCCTCTTGGACTGCATCGTAGGGAATCGAGGTTAGATGACTAGAAGAACTTCCTGGCGCAGATCTGGGGAAGCCCTGGCCCAGAGGCCTGGCCTTTACCCATCCCTGGATCCT
37,chr12,52145005,52145147,25,CTGCAGGGTGAGAGTTATGTTCCAGCTCCATTGAGTGATAAGTGCCACACTGCGACCTCTCTGGGTCTTCCCTGCCCACTACGGTGGGGGCGTGGGGCCCCTGCTCCATGGGCTGGGCTTCTGACAGGACAGTGGCAGGCCAA
38,chr12,52145219,52145295,38,GTCTGGGGCACCTGGGCCTGCCTGCGAGGGTCCCTGAAGCATTGTGACAGTGACTGCAGCAGGAGGACTTCAGGCTG
39,chr12,52145454,52145537,34,CACCCACTGCCGGCCCCAGTCTGGCTAGGAGAGTGGGGGGTCTCCATTTCAGCCTGCTGGGCCTTTAGAGTAGGGCAGGGACTG
40,chr12,52146945,52147438,47,AAGGCCTGGCCGTCTCACCTTGTCATGATTCCTCCACATTTGAGAGTGACGGAGGGGCAGGGAGTCAGGGCTGTGTCCACAGTGTGTCCTCAACCCAGACTGAGCCAGGCCCATGGCTCTCACTGAGGTCCTCTCCTTCTGCCTTGGTTTCCCTCTGAGTCCAGCCCCATGGGGAAGCTGGGCTCCTGGGCCTCAGGCCTGATGCTCCCTGTGCCAGGGCCTGTCCCCTGCTACTGCACTGAGCTGGAGTCGGGGGCCTGGTTGTGGGCTTCTGCTCCTGGTCTCAGCGAGACCTCCAGGCTTCCTTGGGCCCAGCTCCTCATCTCAGCCGGTCGCACCTGGGCAAGTCCAGTCAGTGTGAGGGGCTACTTCGGTTTCCTCACTGTGGCAGGGATTGGGGGAGCTCCTGAGCCCTGGGCTGGGGTGGGTCCGGAGGGGTGGGGGCTCCTGGCTGGGCTGGGTGTGCCTGTATGTGACTCAGGCTGGATGCCCAG
41,chr12,52147512,52148220,70,GGCCGAGCTGCTGGCGGGACACCAGAGCCATACACCGCCACACTCACAGAGATCCACACACTGGAGCTCAGGACACGGCGCCCTGAGAGCGGAGGGCCCCCCTGGTGTGGGTGCCGTCACTGGTGCCTTTCCCTCGGTGGTGCTGTGAGACATTCCCAAGAAGCTCCTTGGTGACTAAGGGCCCTGTGCTCCTGGAGCAAACTCAGCTGTTTGCTGAGAAGGCCTTCCTTCTCTTCGTGGTTACTCCCTGGTTAGGGCCTGGAGGGGGACCTGCAGGCACAGCTGGAGACCCTGAGGGGCACACAGAGCCTTCCCCCGCTGCCTGATAAAGGGCATATGCAGGTGACCATGTGCCATCTGTCCAAACTGTGCACCCACTGGATCCTTGAAACAGTTCTGAGAGGAAGGTGCATTGTTCCCACTTTACAGATGCGGACACCGGGGTTGCTAATAGTTGTCCAGAGTCACCCGACTAGCATGTGTCCCACTGGGACGCTCCTCCTCAGGTGCTCTGTGTGGCCTGGTCCCGGCCCTTCCTCCACTTCAGTCCAGCTCACCACTAGGACCCCCTCGACACCACCCCTCGCTCAGTCAGGCAGGGGCCCACAGGGCCTGGGGCCAGATCTTCCCATGGGGAGTTGTGTCACTGTCCCTCCCAGGCATGGGGCCTGGCGCCCAGGCCCCTCCACTGCCTCTGAGGATGAAGACA
42,chr12,52148311,52148854,51,TCCAGGCCTCACTGCCCCCAGGGACAGCGCAGGAAGTGTGTGCATATCTGTGTGTGTGGGATGGGGCAGGAGAGGCAGCTTGGCTTATACCGGGTGTTGGGGGAAAGCAGTGCAGGTTCGGGGAACCTGGGCCCTGAACTGCATGTGGACAGCCCCCTCCCACAAGGGTGAGGATGGGCACACAGGGGCCCTGCATCCTAGGCCAGGCTTGGGTTCTCGGAGGCCAGCTGGAGCTCGCCTGCTTTTCTCAGGTAGACCAGGGTCTGCTACAGACCCTGCTGCCCCCAGAAAGGCCTAGCCTGGTGCAGTGGGGTGAGCGGGCGGGGTGTGGCCCCAGGAGCTGGCCCCACCCCCTGCACCACCCTGCTTTGTCAGAAGCTGTTTGAGGCAGAGAATAAAGCACCTTATTAGGTAAGAAATGCCTTCTGCCAGGTGGGGAGAGGCCAGGCCCGCCTCTGCCCCCAGGCCTGCCTGCCCCGCCCTGGCAGAACACCAGCTTCTGTGGCATCTCAGTCCTGGCCCGAGCCCAGCAACCCCACACCCC
43,chr12,52149002,52149072,25,TCCTTCCTAAGCCTGAACTTTCTCTTCTATACAATCAGCGGGTGTGCAAGGGGCCTTGAATTCTCCTGAGG
44,chr12,52157725,52157799,19,TTTATTGCTTATCAAATGCAGGCTGAGAAAAGTCCAGATATTATGGTACTGCTGTGGTCCCCTGCCTCTTACTGC
45,chr12,52171891,52171965,31,CCCATCTCCATGGCATAAATGGCTAATAGCATTGAGCACTGAGTTTTGACAGGCATTTGCAGGCATAATCACATG
46,chr12,52172041,52172124,25,GGGCCAAGGTCCCAGTTTGTAAGTGACTAAGCCAAGACTTAAACCCAGGCCTGGTAGGCTCACTGTATCATATTGGAAAGGAGA
47,chr12,52179337,52179382,22,CATGGTGCCCTGGTCAGCCCCATAGCACTTGGCCTGGCTGTGGGGG
48,chr12,52179621,52179664,25,CTGTGGTCAGCAGATCATAGGGCCATTTTAGCAGAATCTGTAAG
49,chr12,52183662,52183703,28,CTGAGCCAGATTAAAACAACAGGTAGTGTGTGTATAGAACTT
50,chr12,52195281,52195366,22,CACTCCCACCCAACCTGTGGTCTGTCTCCTTCGCATTCTCATCCGCCTCCTCTGTGTTTTCGATTGTCATGCTCTCTCTCACTTAT
51,chr12,52197583,52197637,31,AATTAGGTTGTACTACAAATCTTTTTTTTTTTTTCCAGTTTAGTTCAACAAACGT
52,chr12,52197794,52197847,28,AATTACACTTTCCTGTCTTCACAGCACTCAGCCCAATTTGTAATTATTTATTGT
53,chr12,52246981,52247055,19,TAATCTCAGTCTGAGCTGCTGTAACCAGGCTTAGATCCGGGTACTCTGAGAGGATATGGTTCCCCCAACCCTGGG
54,chr12,52247114,52247170,31,AAACTCATTCAAACTGGGAGGCCTACTTTAAGAATACAAAGTTACCAAAAAAACCCC
55,chr12,52248892,52248940,25,GCAGCCTCATTCTGAGGCCTGAGTGATCCACGTGCCTGGTATCCTGGCT
56,chr12,52267735,52267857,28,TCCTTGCATGATCTATTAGGGACAATGGTTTGTCTCAGAGAACTTGTTCTCTGAGATAAACAATGCCCTAATTTATAACACTTACCGATTTCAGAGTTGTATATACTTCTGTCATGGCTGATT
57,chr12,52280010,52280172,34,CAGTGCCTTCTATCACCCTGATGGGGCATTTGAAGACAGGTGGCCCTTGCAGATGGGGGCTGGAGAGAGATGAACACAATTGGGTGGCCCAAGCTTGGGTTCTGGTTTAACACACAATTGGGCCACCGAGTTGTGTTAATATGATCTGGTGGCGGGCAGAGGA
58,chr12,52280383,52280444,44,TGAGCCCACATTCCTTTCTATTGCATGAAATTACATCATCAATGCAACAATAGTTTCTGCTT
59,chr12,52280702,52280755,22,GATAAATACTGACCTGCCAACACTCGCAAATGCAAACAAGCTGCCTGAAGATTC
60,chr12,52280819,52281021,38,TGCTATTCAAGCCCAATTTTCTCCAGCTCCTGCTATGATGATCATGTCAACAAGGGAACTTTGTGGGAATTGTAGGCAGGATCTAGGATGTACATTCTGCAACCTGCGTCACTCAGGACTGTTGCTCACATTTTCCCTTTTCAAATACCGAACCTGGACTTGCCTGATGTCAATCCAGAAGATCCCCAGGGCTTTGGGGTCAG
61,chr12,52979789,52979836,89,ACCCCATCTCTACCAAAAAAAAAAAAAAAATTAGCCGGGCATGGTGGC
62,chr12,56264909,56264951,115,AGGTACCCACCACCACGCCCGGCTAATTTTTTGTATTTTTAGT
63,chr12,112213407,112213445,41,CCGGGCACAGTGGCTCAAGCCTGTAATCCCAGCACTTTG
64,chr12,126769107,126769145,18,CTCCTCACCTCAAGTGATTCACCTGCCTCGGCCTCCCAA
65,chr13,90356817,90356856,65,ACCAGCCTAGCCAACATGGCGAAACCCCGTCTCTACTAAA
66,chr13,107313500,107313548,65,TGTGGACCTCAAGATCTTTACCCTAAAACAGTTCTGTTGGATTTCACCC
67,chr13,114137092,114137130,41,AATGTCTCTTTCCCCTTTTTTTTTTTTTTTTTGAGATGG
68,chr14,22970189,22970242,195,TGAGCCACCGCACCTGGCCTTTTTTTTTCTTTTTGAGATGGAGTCTTGCTCTGT
69,chr14,49342584,49342622,41,GAGGCAGGAGAATGGCCTGAACCCGGGAGGGGGAGTTTG
70,chr14,70846343,70846381,37,CACTGTCTCAAAAAAAAAAGAAAGAAAGAAAGAAAAGAA
71,chr14,73586521,73586559,41,ATGGTAAAACCCCGCCTCTACTAAAAATACAAAAAATTA
72,chr14,81572434,81572472,41,TAATTTTTGTATTGTTAGTAGAGACGGGGTTTTGCCATG
73,chr14,92077965,92078003,41,ATATTTCTTTTCTCTTTTTTTTTTTTTTGAGGCGGAGTT
74,chr14,101944863,101944902,65,GAAACCCCATCTCTACCAAAAAAAAAAAAAAATACAAAAA
75,chr14,105064526,105064564,41,GTATCACCATGTTGGTCAGGCTGGTCTCAAACTCCTGAC
76,chr14,105441647,105441685,41,AGCCGGGCGTGGTGGCGGGCGCCTGTGATCCCAGCTACT
77,chr15,20430000,20430199,181,GGAGACAAAACAGCGGAAGGTCTTTTTTTGTACAACAGTCCTTCTCAGTTCCTGAAGAACAACTCTACACGGCCTTCTAGGTGTTCACACTCGGCATCTCCCAGCATGACTGCAGGGAGCACGTGCACCGCCCCACGTGCTCTCAAGTTGCTCAGCGTCTTTTGATCTCTGCCAGGGAGACTGGAAACACAACCAGGCCC
78,chr15,20430465,20430706,155,GAGTACTGATAGTTTTATTTTTGTCTCTGATATTTTGTCCAGATTTTTAATGTATTACACAGCAAGAAAGATTTTGGAATGAACATCTCTAATCCTCTATGTTGCCAGCCATGAAAGCTCCCATCCCTCTTACACTCAATCACGTCGCCTCCTCTATGCGAACGTCCCGTAGCCCTGACCCTGTGCCTCGCTGCTGCCCTCACCTGCTCCACAGCATGGAGAGAGCGGAGAGGCTGGCGGCA
79,chr15,20430814,20431255,117,TGAAGATGTGAGCGTTTAACCCATGCTGCATCTAGTTAATATTTTTTCACAATTTACACAAACCCAAAATAAGGTTAAACTTCAACCCTCTCAGTCTTTAGTATTATAATGTTCTGCAGACTATGCACAAACATGGTTAAACCCCAATGAATCATTAGAATTATTTGCGTACTATCATTTAACATTCAGAATAGATCCTTAAGAAAATATACATCTAGAAAAAAAGTGTTCACAATTTAGTGCTGTGGATTAAAAACTGTCAAGGCTGCATGGCTGTACCTCAAGTTCCTGTTTATCAAATATGGCCTTCACAGGAGACGGCTGGGTGGCCGAGGCCAGCAGCTGCTGCAAGAGGATCATGGGGGGCTGCGGCCCTTCAGGAGACATGTCCCCAAGGTCAGGTGATACCACTGCTCCATCATCTGAATTTAAAAACAAAATA
80,chr15,20431322,20431392,74,AAATCAGGTATGACTTCTGCCTCATTATGTGATAGAAAACCAAAATCTTCAAGGTTCAGACATCGAACAAA
81,chr15,20432384,20432556,65,CTAAGCCTTGTTGAGATCATTAAGTGACCCCAATTCCAAATGTGTCATGTGCTCAGGGTGATGGCTTTTTGTCTGTTATGAGTAGCTTTAGGTGCAGCCTTTAGGACTCTGTTTGACACAGCCCCAGGGAGATCCACTGCGCTCAAGCCCACTTCACACATCTAGGTACTCAT
82,chr15,20432622,20432705,35,GAGCTGGAAATCTTTCTCTTAAAGGGCCAGAGAGTAAATAGTTTAGGCTGATGGGCTGTACAGTCTCTGTCCCAACTACTCAGC
83,chr15,20432949,20433087,47,ACAACTGGGAAATCTTCATGTTCCCTACGACCTCTACTATTAATTGATTCTATACTTTCAATTGATTTCTTTCATCCTCAGCAGGTTTAAAATTAATTTCATAGCATCCTCTCCTCTTAAGAAGCAAACGCACACACTC
84,chr15,20433166,20433400,69,CTTCCACTTTTTGCTGGTTCCCCATAAAGTTATCATCTACAAGACTACACCATCACAGTGGATGGCACCTTCCTTCCACCAGAACCTTCTTTCCCTTTTCATGCCTTCCCCCTCATCACCTGACGCAGGAGCAATTCTCCATCTCTGTCATCTCCTGTTTCAGATACTCCTATACCTTCCTAGCAGGTGTATCACCCGAAGGTCAATGCTTACCATGTGGCCCCTACCACAGCTT
85,chr15,22536823,22536921,72,CTAACAGACTTTTATTGATTTGGTGTTTCTTTTCTTTTTTAGCTTTTTCCCCCTTTAATGTGTAAATATATACATTTAAAGGCATAAATGCCCTCAAGC
86,chr15,22536967,22537290,103,TTATTAACTGAACACATTTTCTAATTTTCATAGTCATTTTTTCTTAGAATTTTGGGTTACTTATAAGTGTATCTTGTAATTTTCAAATATGTGGATGAATATTTTTATTTTCTGTGTATACAGAGTCATTTTTATTTTATTTTGAATGAATTTTTGAAAACCTATTTGTAATTTAACTGCATTGTAGTCAGCACACATGCTCTGTAAGTTTATTTCTTTGAAATCTGTTGAGATTTACTCTATGGCCTGGCATGGCCCGATTTGGTATTCATGCTGCCTAGACTTTTTTTTAAAGCATTCTATATTTAACAGAATTTGTATGTG
87,chr15,22537408,22538166,300,ATGGACTGATTCTGGTTTCTGTATATACAGAGTCATTTTTTACAGGTCAGAACTGTAGAAATAATGAGAAAGTGACATTTGTACGCATAGCTGATTTGGAGAACCATAATAACGATGGAGGCTTCTGGACTGTGATTGACGGGAAAGTGTATGATATAAAGGACTTCCAGACACAGTCGTTAACAGAAAATAGTATTCTTGGTAAGATTACACTTGTTATTTCCTGGTTAAAAGTTACAGCCTGTATCATTTTAAGCAGAGTATTTGGCTTATAAATGATTCCTTTAGTTTTGTGCCAGCCCCCGCATATTTTAATGTATCTGTGGCTTTGGTGTCTGTCTTATCAACAAATTCAGCACATTCGAAGAATTTCCTTTCATTATGTATCTTTTGTTTTAATACTTGGAACTCATTTCAAGTTCCGAGTTGGCCCAGGCAACCCTGGGAGACAGTGGGAGGTCATTATATTCTGGTAACCCTCACTTTTGAGTTAAGAGCCTAACTTATTTCCTACTCACTATTTCTCCTGTAGCTCTTCAGGCAAGCTGAATTGAACTCATGTTGCTTTTTCCCTTTTTGTTTCAGCTCAGTTTGCAGGGGAAGACCCAGTGGTAGCTTTGGAAGCTGCTTTGCAGTTTGAAGACACCCGGGAATCCATGCACGCATTTTGTGTTGGCCAGTATTTGGAGGTGAGGCTGTATGCCTTGAGTGATGCAGAGGATGGCAGGGGATACCCTCTGTGTGTTTGTGATAGGAATA
88,chr15,22539439,22539562,179,TCTACAAAAAACACAAAAATTAGCCAGGCATGTTGGCACGTATTTGTAGTCCCAGATACTCAGGAGGCTGAGGTAGGAGGATTGCTTGAGCCTGGGAGGTTGAGGCTGCAGTGAGTCATGATCA
89,chr15,22539977,22540099,176,TCAATCAGGTAGAAACAGCTGTGAGTGGTTGTCATTTGCCCTCATGGTCTGTTGCTGCAGAGGAAGCTAAAAAGTGTGCAGGAATGTCTACCCGTCTGCCCTTGGTGGTCTCACGTATTGCAG
90,chr15,22540148,22540631,181,AAATTGCACAGAATGTGGATCAGCTGTCCTCTCAGGGAAGAGCATACTATTTGAGCACTGCGTTTTTACCAGACCAGGCTCAAGTCAGTTATATTTCAGGATGGCAGCCTTTGTAACCACCTAAAATAATAAGCTTCTTTCTGTCTCCTAAGATGTGTTTCCATTTTCCTTCATGTAGTTGTGCATTTCCCATCTGTCTGTCTGTCCATCCATGTGAGCAGCTTCTGTTGAGCATTTGCCTGGTGCCGTTACCATACGAGGTGTTCAGGATACAGTGATAGATAGGACACACCTCTGCTTTCTGGTGCCGTTACCATGCGAGGTGTTCAGGATGCAGTGATGGGTAGGACACGCCTCTGCTTTCAGCTGCTGCTTGTTGATGAGCCACCATTCTAAGCAGGTCACATTACAAGGTGGTGAATGGTGAAATGGAGATGTTCATACATGGTTCTGGGAGAAGAAAGGCTTCACATTGGCAGCAGTC
91,chr15,22540681,22540842,148,GGGCACTGCTGAGAGGAGCAGGGCTTTCCTGCTGCTTGCAGGAGTGGGTGTGGCAGAGGCTTGCAGGGAAGGAGGATCTTGGTGTCCATACAGCCCCCCGTTGGGCGGACCTTTGTGCAGTGCTAGGTGCTGGGCTGCCTGTGGTGCCCTCTGAGGTGTCTG
92,chr15,22540981,22541171,144,CAGAGGCTTATCTTGGAGCAGTAAGGAGGGGCTGTCCTGTGCTTAAAGAGAGGGGGCCAGAGAGAGTCGGCATTGGATTAGTGTTTCAGAAGAACGAATGTGGTGTGTTGGGGAATGCTCCTGAGTGCTCTAAAATCTAAATGTCCAGTAAAAGAACACTAAGTGCATCCCGCTTTGATTGCTTGGATTTG
93,chr15,22541219,22541393,176,CACTCCCTCAAGTTGCCATAAGCAGTTGTAATTAACATTCGCACTGGTTGATCCCATGCCTTGCACCACGCACAGGTCTCCTTTCCAGTCCATCGGCCCTCCCATCTCCAAGGATCTATCCTTCATTACAGATTGTGTGTTTCTTAAATATTTTCTCCTTTTCATTCCTTTATAA
94,chr15,22541505,22542590,182,GCTCAGTTGTTGCTTCCACAAGTCCCTCACTGACCCTCAGAATAGCGGTGGTCTGTCTTCCAGTCTCCCTGGTACCCCCATAGTCATCTGTTGCACAGTTTCGGACTTGAAATCCTGTGATTAATTGTGTCAGCGGTGCCCTTTGCTGCCTTCCCTGTTAGAATGTGCACCTCAGTCTTCACACGGTACCTGTGGAACCAGGCAGCTGCAGGCAGAGCACAGGTATCCAGAGAATGTTGGACTGGAACTACGATCCTGAGTTCTGATGCCATGCCTGAGGCGTGTGGAATCACCAGAAAGTGTGTTCACGTAGATAGAGGAATTATAAGTCAACCTGTGTAAACATGTTAGGTGGAGCTCTTTCATATGAATGATGCTGAATTTCACCTTCTAAATTGAGTGTTCAGTTGAGCATCTTTTTTTTTTTTTAGTATTTATTTTGAGTTGTGCACTTGAGTTTCTCTTTCATGTTTGTGTGTGCATTTTCTAGAATGGCTTCAGTCATCCATCTTCTCTGGAGGCCTGCAGACCAGCCAGATCCACTACAGCTACAACGAGGAGAAAGACGAGGACCACTGCAGCTCCCCAGGGGGCACACCTGCCAGCAAATCTCGACTCTGCTCCCACAGACGGGCCCTGGGGGACCATTCCCAGGCATTTCTGCAAGCCATTGCAGACAACAACATTCAGGATCACAACGTGAAGGTGAGCTAGGCCTGCCCCCACTGCCACCTCAGTGCTCTGTTTATCTGAGGACTTTGACATAGGAATACTTATGTGCTCTTTGGTTAACACAGCACAGACTTTGTTTCATGTATTATTTGGAGGGTTTTGAGGTGAGAACCTGATTGTGTTAACATGCTAGCGAGGCTTCAGAAGCATTAGTGATTGCAAGTGCGTCAGAAGCTGTGGCATGTTTAAGATTTGTGAAGACTCACTGGGTTTCCCTGAAGTTACTTCCAGCTGTTCCTGTTGCAGGACTTTTTGTGTCAAATAGAAAGGTACTGTAGGCAGTGCCATTTGACCACACCGATCATGTTTCCCCCCGAGCATCCCGTGGAAGAGGTCGGTCGCTTGCTGTTATGT
95,chr15,22542869,22542918,60,TTTTATTCTGTGCTTTGCAGACAGTTGCTGAAATATTTGTTGTTAAAGTT
96,chr15,22543131,22543443,71,AAAGAGAGGTAAGAATGTAAAAGGACAGAAGATACTATTAAAGCTTGTGCTTCACCCTGCCACGTTGGATCTGTGATTTCAGAGTGAAGTTTCTCTACTGTTGATTCCATGTAACATTTCTACCTGCTGCCATCATTTTTATTATAGTTAGGATTAAATACAGACATCTCGCTTATTTTTCCAAATGATCAGACAATGAGGCAGTTTAGGAATTGAGTGTGGTATGATTTGATTACTAGTAAATTGATGTTGAAAACGTAAATAATCTTTGCTAAATTGATGGGAACAAGGAAGTACTTTTATTAGTTATCCT
97,chr15,22543554,22543679,49,TAAAAGAGTTACTGACATTTTCCTGGAAGTAGCTGTGTAAGGGTACAGAAAAGTCTTTTTGCATTAAATCCAAATTTGAATAAAAATGCTTAGAAATTATAAAATAGTTTAGAATTTAGTCACTTG
98,chr15,22543838,22543922,49,CCAAGTAGCTGGGATTACAGGCACGCGCCACCACTCCTGGCTAATTTTTATATTTTAGTAGAGACGGAGTTTCACCATGTTGGCC
99,chr15,22543995,22544411,139,AGCCACCGCGCCTGGCCTCTGATCATATTATGACTTATACTGATTTACTCACAAACCTGCTTATTGAACAGTATTGATTACTGACTTTCTGATGGGCATTTTGAACAATAAGCTTATGAAAGACTAAAGTGTGTTAGAAGCCATCCTAATTTGATTGTTCCTGAACAAACCCTACACCATAACAGCCTGTCTGAATGCGAGGGGTGCTCTGGATCAGGAAGTCACAGCAGTCACACTGCTGCGATTCCTTTAACCCAGGCATGCAGGAACTCAGCCTGGGCCCAGGAGACAGGCTGCCTCGGAATGAGGGAGAGAGACTCCACATTTGCCATCTCATATCCGTGGGTTCTGAGCCCACACTGTCACTTTTAGAGTTTCTTGTGGGTTTATAGATTTATCGTGTGGTGTTTCAAGCTG
100,chr15,22544535,22544688,27,TGTTATAGTCACAGCTGTGTTTTTACTGCAAAAAGGATACAGATTAAAATTAGCAGAGGGAAGGGTGCATGGAGGGAAGTCCAGAGGAAACTAGGCACACGCTTTGGTGTCTCTCCCCAGTGGCGTCACGTGGATGTGCTTAGCTCTCCCAGCA
101,chr15,22544757,22545162,60,TTGTTGGGGGCCAGTCACATACGCAGGCAGTGCCCCTGTGACTGACCTCACTCAGGCTCCAGTGCCCCAGTGCAAAAACAAGTGGTCCCTCGCAAGTCCCATCATTAGCATAAACTACCTGGCCAGACCACTGCCACAAGGTCCTGGGTGTCAGGTATACCAAAAAACTTCTCAGGCAGGATGTTCCAAGGGCTCAGAGCTCAGCTCCTAGAAGAAGGACCAATCCTGAAGGGACAGACCTTCCTTGGGAATTTGCAGGGTTTGAGCAACCCCGGCCTGCTATGTTAGCTCTTTACTGCCCAGATGTATTATCATGTTGCTTATTTTTTATATTATATGCTGAGGAGATTTAGACCAAAAATTTTAAAAGAGATAAAGTATAGGGAGGAAATTCCACATATCACAG
102,chr15,22545216,22545398,128,TGGACAAGCCAGGAACTATGGGCCAAATTCTACCTCTTGCTGGCTTTGGGTTGCCCATGGACTAAGACCTTTTTTTTTTTTTCCAGTTTGAAATTGTTATTTAAAAATTAAAAGAAGTATATTATTTTGGCACATGAAAATTACATGAAGCTAAAATTGTAGCACCATAAATAAAGTTTTACA
103,chr15,22545655,22545816,114,AGATGTTTATTTGAATGAAATATTTGTCCTTCATGTAAATCTAAATATGTCTTAATTTAAAATTAATATTTAAGTGTATGATTTTTATAGTGAATGATGTTTTAAAACACAGTTCCTAAGAAGCCAGAATCTACGGATGATGAAGAAAAAATTGGAAACGAA
104,chr15,22546173,22546392,57,TGCTGGGCCCTGTGGCTGTTAATATGAACCATAACTTAACTTAGTATGCCAAGCTAGCCTGTTCCAACATATAGTATAGAGATTATAAATTCACTTATATTTATAGCATAGTTTTAAAAACATGTATTACTAAATTTAACGTATTTTAACCAATTTAAACCCATAAGCATTATTTATATTTTACTTGAATAACTTTTAGAGCACAGTTTATTATTAAATA
105,chr15,22599917,22599962,14,TGGCTGGGATTGCAGGCGTGAGCCACCATGCCAAGTTAGTTTTTTA
106,chr15,22609221,22609263,107,ACCTTGGCCAGTTCAGCCATCCTTAGGCAACTTGGTGACCCCC
107,chr15,22610351,22610415,34,TTGTAATTTTAGTAGAGATGAGGTTTTACCACATTGGCCAGGCTGATCTCAAACTCCCGACCTCA
108,chr15,22610537,22610617,60,AGCTAGGATGATGATGTCCAGACCTGAGAGGAGCCCAGGGCTACCCACCTTTAAAAGTCAGAGGCAGGAAGCAAGAAACAG
109,chr15,22661199,22661287,18,TGTTATTATTTTATTCTCATAACTCTCTATGCCAAGTATAGATACATTATTGATGTGGAAAATTAGATCACAGAGATAAAGTGACTTTC
110,chr15,22663264,22663355,40,CATGTGTGAAAATATGTCTTTTACATTATTATATAACACAGATTTTGGATATGACGAGTGCTGAACTGAGGCTTTTCACTTGATATGCATTA
111,chr15,22663525,22663581,77,GAATAAGAGTTCAAATAAAATCGAATGAAAAGACACCATCTTGTGTAACTCTGTAGT
112,chr15,22663843,22663995,96,AGACGGCAGTAATTCTCTATGTATTTCATGTTATGTGCAAACTTTACTTTCAAAGAGTTGTTACCTATATTAATGTATTTACATCATTCACTTAATATATTTTCTCTATCAGTAAAATTGGTTTAGATATATTGGATTAGGATAGAACACGTC
113,chr15,22664897,22664966,40,GCGCGAGTTTCGGGAGCGGGCCCTGCGCGCCTGATGGGTCGAGGCGGACGCGCGGCTGCGTCAGGTAAGC
114,chr15,22665038,22665108,40,GAGCCCTGGCTGACGGCTGATGGGGAGGAGCCGGCGGGCGGAGAAGGCCACGGGCTCCCCAGTACCCTCAC
115,chr15,22665201,22665239,41,GAGCTGGGCTAGGCCCCCAACCTTTGCCCTGAAGATGCT
116,chr15,22665368,22665461,129,TCGCAAGTGGGATAAAATGGTTTAAAGGAAGAAATGGCTTTTAGGAGTTAGGGTGTTTTGTTTTAAGTAATACAGACTTGGTCAAATGGAAAGC
117,chr15,22666079,22666154,94,ATGGTGTATTTTACTGTAGTTGCTATCAGAAAAGTTAGTTTTCCCAAATTTAAGTTCACTCTGGGGTACTATAGCA
118,chr15,22666412,22666660,104,AGGCTGAAATGTACCACTTGCCTTTTGACTTTTGCTTGTGTGTTTTAATTTTGTTCAGTGAGGCTTTCACTTAAAAAAAATGATAATATTATTACCTGGATAAAAAATACAGCTGAAAGTAGATCACTTTAGCCTTAAGCAGAAGGATGGAAATAGAAGACTTTAAGAATGTATTGGTTGAAAAAAATCTATATTATTTGATTTTATTTCTCTTCTTGTGGGAGTAAAATAATTTCCAACCAAATCAGT
119,chr15,22666707,22666874,149,AAGCAATAACCAGCAGAGACCGGAACCACAGCTGAGGCTCTGTAAATGAGTTGACTGCTAAGGACTTCATGGGAATATTAACCTGGGGCATTAAGAGAATCAACATGCTAAAGTACTTGGAGACAGCTCTGTAATGTTTTATGAGATTTTGTTTAGTTGAGTTTTGTT
120,chr15,22667163,22667303,127,TTATGAGCTTTTAAAAAGGAATACAGCCTCACAAAACCTTTACAGTCAGAAAAGTCAAATGAAAAAATATCCACAACCTCAAACCTTCTTTTGGGTCCTTTTCGCTGCATACTTAGTGCACAGTTGAGATTAAATTTTATA
121,chr15,22667499,22667541,73,TGTATTTTTAGTACAGACAGTGTTTCTCTATGTTGGTCAGGCT
122,chr15,22667615,22667734,88,ACCGTGCCTGGCCAAAAGTCTCCATATTATTAAACAATCTTCAGAAGCACAGTGCTGAATGACTACACTAATAATATTCTGCCATGGATATATCATAATTTTCTTAACAATTCTTGTTTT
123,chr15,22668108,22668175,41,ATTTGTCATATATTATTTCTTTATTTACACTTAATCTTCAATCTCTGTACTTTGTTTGGGTTTGTTTG
124,chr15,22668769,22668921,47,ATGTGATGTTTATTTGCTTCAGTTGTTTTCCTCTAAGGACTCATGCAGATTTCTTAAAATAGGATGAAAATTTAAATAGCAGGACCCTAGATTGTAATTCAGTAACTTAAATTTTAGTAAATACAGTTATCGCTCTTGCTTCATTGAGCCATC
125,chr15,22669062,22669111,51,GCCCCCTGCACTGGGCCATCTTTCCACATATAATCTCATGCCCCTGCCAG
126,chr15,22670578,22670661,86,GCTTTGTAGAAGAAAAATTGCATATTGGATGACATAGCTGTACATGTCTTAGTTCAGGCTGTTGTAACAAAGTACTGTAGATTA
127,chr15,22670843,22671059,110,ATAAGGGCATTAATCCCAATTTTCTTGAGGTCTCCACCCTCATGACCTAATTACCTCCCAAAGGCCCCATCTTCAAATCCCATCACACTGGGGATTTAGGCTTCAACATATGCATTTTGGGGGGACCCAAACATTCAGTCCAATACCAGTACATGTTATAAGCATGAATATACAGATACTGTCTTTTAGGTGATAATATTACATATCCCTAAAAGAA
128,chr15,22671342,22671592,121,CTGACTGAGTAGTAGTGTAGTTAAATTAATCCATGTGACCAATTTCCTTTCAATTTCCTAATGGTTCTACATAACTATTAGCTCTTACTAAGATAATTTTCCCTTCTGTCTGTAGAAGTCCTTGGATGAGGATGACCTAGGTCCTAGAAGGGTAGTTGCCCTGGAGAAAGAAGCTGAAGAATGGACCAGACGGGCTGGAGAAGCTGTCGTCTCTATTCAAGATATCACAGTGAATTATTTTAAGGAGACAG
129,chr15,22672298,22672338,52,AAATGGCAGGAGTTTCTGATATATTGCACAGAATCAACAAG
130,chr15,22702027,22702086,77,TAAAAATTAATACTGTCTACATTGTTTACTAGGAAATGCATGCAAAATTAATACACTCTT
131,chr15,22702706,22702765,38,AGGCAGAGGCAGTTTCCTGAGGCAATCCAGGCCACAAAGAACTGTACATTTGGGGAAAAC
132,chr15,22711078,22711151,71,AGCGGGGCCTGGTGGGCCCGGCGGGTAGTCCCAGCTACTCTGAAGGCTGATGTAGGAGGATTGCTTGAGCCGGA
133,chr15,22714905,22715197,42,TCGCCGGGCCGCCGCCGCCCTTGCCACCGGCTGCATGCTCGGCGCCCGGGTCGCGGCCCACCTGGACGCACTGGGCCCCCTGGTCCCCTACGTGCCGCCGCCGCTGCTGCCCTCTATGTTCTACGTGGGCCTGTTCTTCGTCAATGTGCTGATCCTGTACTACGCCTTCCTCATGGAGTACATCGTCCTCAACGTGGGCCTCGTCTTCCTGTTCGAGGACATGGACCAGGCGCTCGTGGACCTCGGCGTGCTCTCCGACCCCGGCTCGGGCCTTTACGATGCTGACTCGGAGC
134,chr15,22715866,22715904,96,CGTTCCTCAGCAAGTTGGCAAAACAGATATCATGCTGGT
135,chr15,22715961,22716148,40,CCTACTTAATTCTGATAAACCTGTTTAAGCAATACTTAGGAGGCTGACTTCTTTGGATTAAAAAAATGTATGCAACTCCAAAAAAAAAAAGAAATTCAACATTTAAAAGTTTCATTTCTAGGGCAGTCTTCCGGTTTGGACTACAAAATTATTTTGCTTGTTTTTGTAGGGGATCGTTTTGTGTTGTT
136,chr15,23174498,23174586,63,TAACAAACCACCTTTTTTTTTTTTTGTCAATAATAGATTTCTTTTGTAAAAGTAGCAGCCTCCTGTCTGGGGACAACTGCAGTTCCACT
137,chr15,23371658,23371705,32,AATTAATATTCTGAAAATAGCCACAAATCCAGAGTTCACATTTTCTTG
138,chr15,23373653,23373744,68,GGAGTTTGAGACTACCCTGACGAAGGGAGAAACCCCCCGTCTGTAGCAAAAAAAAAAAAAAAAAGTACAAAATTAGCCAGGTATGGTGGCTC
139,chr15,28205564,28205679,54,AGGGCCCTGCTATCTGAGGGTTTCTGTTAGGGTAATTTCTGATTGCCAAACTGAGTACTGATAGTTTTATTTTTGTCTCTGATATTTTGTCCAGATTTTTAATGTATTACACAGCA
140,chr15,28206120,28206158,48,ATTATTTGCGTACTATCATTTAACATTCAGAATAGATCC
141,chr15,28206245,28206513,63,GTTCCTGTTTATCAAATATGGCCTTCACAGGAGACGGCTGGGTGGCCGAGGCCAGCAGCTGCTGCAAGAGGATCATGGGGGGCTGCGGCCCTTCAGGAGACATGTCCCCAAGGTCAGGTGATACCACTGCTCCATCATCTGAATTTAAAAACAAAATATGTGTAAGATTCTATTTTCAACTGCGAACACCACTTTACTATTAAAGAAAATGCATTAAGCATGTTAAATCAGGTATGACTTCTGCCTCATTATGTGATAGAAAACCAAAA
142,chr15,28208371,28208555,74,ATCACAGTGGATGGCACCTTCCTTCCACCAGAACCTTCTTTCCCTTTTCATGCCTTCCCCCTCATCACCTGACGCAGGAGCAATTCTCCATCTCTGTCATCTCCTGTTTCAGATACTCCTATACCTTCCTAGCAGGTGTATCACCCGAAGGTCAATGCTTACCATGTGGCCCCTACCACAGCTTT
143,chr15,28623114,28623152,41,CAGGTGATCCACCCACCTCGGCCTCCCAAAGAGCCACCA
144,chr15,28632013,28632415,141,TTTATGAACTAACAGACTTTTATTGATTTGGTGTTTCTTTTCTTTTTTAGCTTTTTCCCCCTTTAATGTGTAAATATATACATTTAAAGGCATAAATGCCCTCAAGCATGCATTTAGTTGTATGTCACCAATTTCGATCTGCAGTATTTTGATTATTAACTGAACACATTTTCTAATTTTCATAGTCATTTTTTCTTAGAATTTTGGGTTACTTATAAGTGTATCTTGTAATTTTCAAATATGTGGATGAATATTTTTATTTTCTGTGTATACAGAGTCATTTTTATTTTATTTTGAATGAATTTTTGAAAACCTATTTGTAATTTAACTGCATTGTAGTCAGCACACATGCTCTGTAAGTTTATTTCTTTGAAATCTGTTGAGATTTACTCTATGGCCTGGC
145,chr15,28632616,28633348,156,TTCTGGTTTCTGTATATACAGAGTCATTTTTTACAGGTCAGAACTGTAGAAATAATGAGAAAGTGACACTTGTACGCATAGCTGATTTGGAGAACCATAATAACGATGGAGGCTTCTGGACTGTGATTGACGGGAAAGTGTATGATATAAAGGACTTCCAGACACAGTCGTTAACAGAAAATAGTATTCTTGGTAAGATTACACTTGTTATTTCCTGGTTAAAAGTTACAGCCTGTATCATTTTAAGCAGAGTATTTGGCTTATAAATGATTCCTTTAGTTTTGTGCCAGCCCCCGCATATTTTAATGTATCTGTGGCTTTGGTGTCTGTCTTATCAACAAATTCAGCACATTCGAAGAATTTCCTTTCATTATGTATCTTTTGTTTTAATACTTGGAACTCATTTCAAGTTCCGAGTTGGCCCAGGCAACCCTGGGAGACAGTGGGAGGTCATTATATTCTGGTAACCCTCACTTTTGAGTTAAGAGCCTAACTTATTTCCTACTCACTATTTCTCCTGTAGCTCTTCAGGCAAGCTGAATTGAACTCATGTTGCTTTTTCCCTTTTTGTTTCAGCTCAGTTTGCAGGGGAAGACCCAGTGGTAGCTTTGGAAGCTGCTTTGCAGTTTGAAGACACCCGGGAATCCATGCACGCATTTTGTGTTGGCCAGTATTTGGAGGTGAGGCTGTATGCCTTGAGTGATGCAGAGGATGGCAGGGGATACCCTCTGTG
146,chr15,28633552,28633609,69,CTGTTTCCTCAGATTGATGATGAAATTTATTTTTCCAGCCTGACCAAGAAATCGTCAC
147,chr15,28633951,28634003,41,TAGCCAGGCATGTTGGCACGTATTTGTAGTCCCAGATACTCAGGAGGCTGAGG
148,chr15,28634479,28634580,82,AGAAACAGCTGTGAGTGGTTGTCATTTGCCCTCATGGTCTGTTGCTGCAGAGGAAGCTAAAAAGTGTGCAGGAATGTCTACCCGTCTGCCCTTGGTGGTCTC
149,chr15,28634843,28634930,69,GTCCATCCATGTGAGCAGCTTCTGTTGAGCATTTGCCTGGTGCCGTTACCATACGAGGTGTTCAGGATACAGTGATAGATAGGACACA
150,chr15,28634993,28635101,15,CCTCTGCTTTCAGCTGCTGCTTGTTGATGAGCCACCATTCTAAGCAGGTCACATTACAAGGTGGTGAATGGTGAAATGGAGATGTTCATACATGGTTCTGGGAGAAGAA
151,chr15,28635189,28635308,17,AGCAGGGCTTTCCTGCTGCTTGCAGGAGTGGGTGTGGCAGAGGCTTGCAGGGAAGGAGGATCTTGGTGTCCATACAGCCCCCCGTTGGGCGGACCTTTGTGCAGTGCTAGGTGCTGGGCT
152,chr15,28635508,28635602,39,CCTGTGCTTAAAGAGAGGGGGCCAGAGAGAGTCGGCATTGGATTAGTGTTTCAGAAGAACGAATGTGGTGTGTTGGGGAATGCTCCTGAGTGCTC
153,chr15,28635730,28635873,18,AAGCAGTTGTAATTAACATTCGCACTGGTTGATCCCATGCCTTGCACCACGCACAGGTCTCCTTTCCAGTCCATCGGCCCTCCCATCTCCAAGGATCTATCCTTCATTACAGATTGTGTGTTTCTTAAATATTTTCTCCTTTTC
154,chr15,28636239,28636529,85,TGGAACTACGATCCTGAGTTCTGATGCCATGCCTGAGGCGTGTGGAATCACCAGAAAGTGTGTTCACGTAGATAGAGGAATTATAAGTCAACCTGTGTAAACATGTTAGGTGGAGCTCTTTCATATGAATGATGCTGAATTTCACCTTCTAAATTGAGTGTTCAGTTGAGCATCTTTTTTTTTTTTTAGTATTTATTTTGAGTTGTGCACTTGAGTTTCTCTTTCATGTTTGCGTGTGCATTTTCTAGAATGGCTTCAGTCATCCATCTTCTCTGGAGGCCTGCAGACCAG
155,chr15,28636725,28636797,64,CCACCTCAGTGCTCTGTTTATCTGAGGACTTTGACATAGGAATACTTATGTGCTCTTTGGTTAACACAGCACA
156,chr15,28636937,28636975,46,GGTTTCCCTGAAGTTACTTCCAGCTGTTCCTGTTGCAGG
157,chr15,28638520,28638643,25,ACTTATACTGATTTACTCACAAACCTGCTTATTGAACAGTATTGATTACTGACTTTCTGATGGGCATTTTGAACAATAAGCTTATGAAAGACTAAAGTGTGTTAGAAGCCATCCTAATTTGATT
158,chr15,28638893,28638971,31,TGTTTCAAGCTGGTTTTCTTTTTTTTTTGGAAATTAAGTAACTTGAAAAGATTAAGTGATTAATATTCCTGTTGCTGTG
159,chr15,28639505,28639659,55,TTGCAGGGTTTGAGCAACCCCGGCCTGCTATGTTAGCTCTTTACTGCCCAGATGTATTATCATGTTGCTTATTTTTTATATTATATGCTGAGGAGATTTAGACCAAAAATTTTAAAAGAGATAAAGTATAGGGAGGAAATTCCACATATCACAGT
160,chr15,28663209,28663252,71,TAGAGTCTAGTTTTTGTTCGATGTCTGAACCTTGAAGATTTTGG
161,chr15,28794561,28794604,89,CAATGGAAAGACGTAAGAAGATTGGATTCTAATATTTTTGTACT
162,chr15,28806020,28806068,100,ACAGGCATGTTTTCTTCTGTAGGGCCGTTTTCTGTTTTAAAAATTCATC
163,chr15,30465465,30465531,13,TTTCTAATACTTCTAATGTACTCTTTTGGAGGTAATGGTATATGAAACCCTATAAGAGCAATTCTAC
164,chr15,30467613,30467662,37,CTATGCCAAGTATAGATACATTATTGATGTGGAAAATTAGATCACAGAGA
165,chr15,30469935,30469988,153,GTTCAAATAAAATCGAATGAAAAGACACCATCTTGTGTAACTCTGTAGTTAATT
166,chr15,30471398,30471946,161,GGGTCGAGGCGGACGCGCGGCTGCGTCAGGTAAGCGAGGCCGGGCCGCCGGCGTTTGACCGCGCTTGGGTGGCCTGGGACCCTGTGGGAGGCTTCCCCGGCGCCGAGAGCCCTGGCTGACGGCTGATGGGGAGGAGCCGGCGGGCGGAGAAGGCCACGGGCTCCCCAGTACCCTCACCTGCGCGGGATCGCTGCGGGAAACCAGGGGGAGCTTCGGCAGGGCCTGCAGAGAGGACAAGCGAAGTTAAGAGCCTAGTGTACTTGCCGCTGGGAGCTGGGCTAGGCCCCCAACCTTTGCCCTGAAGATGCTGGCAGAGCAGGATGTTGTAACGGGAAATGTCAGAAATACTGCAAGCAAACTGAAAACAACCCATCCATGTAGGAAAGAATAACACGGACTACACGTAAGCAATTCCAAGTCTGTGTCTGCGGGGACGTCGCAAGTGGGATAAAATGGTTTAAAGGAAGAAATGGCTTTTAGGAGTTAGGGTGTTTTGTTTTAAGTAATACAGACTTGGTCAAATGGAAAGCCGGTAGAAAGTGAGCTTTA
167,chr15,30471997,30472107,46,TGAGAGAGTAATTGAGTGGTAAACTTACTGAACTTAGGGGACGGGGAAGTACATGTTCATAGAAGGGTTTAGGAGAAAGTATGCCTTCTAAATCCACACCCACGGTTTACT
168,chr15,30473093,30473138,182,GTGGGAGTAAAATAATTTCCAACCAAATCAGTCCACCTAGATTATA
169,chr15,30474384,30474425,135,CCATGGTAGCATTAATGAAAGTTTACCAAGAGGAAGATGAAG
170,chr15,30475499,30475547,101,CCTAAGAGATCTCTTGATTTCTGCCCCCTGCACTGGGCCATCTTTCCAC
171,chr15,30476784,30476834,109,TCCACATTATCACCAACACTTGTAATTGTGTGTCTCTTTGGTTACAGCCAT
172,chr15,30476879,30476950,106,ATTCCTTGTCGGCTAACTTGTACATATTTCTTATGCTTTGTAGAAGAAAAATTGCATATTGGATGACATAGC
173,chr15,30477044,30477157,57,GGTAGTCTAAGATCAAGGTGCTGGCAGATCCAGTGTCTTGTGAGGGCCAGTTTCTTAATTTGTAGATGACTGTCTTGCTGTGTCTTCACATGGTGAAGAGCAGAGAGAGAGATC
174,chr15,30477270,30477308,63,TTAGGCTTCAACATATGCATTTTGGGGGGACCCAAACAT
175,chr15,30477459,30477546,144,TCACTCATTTAAACAATTGTGTATTATTATTAATAGAGAGAAGCATAAGTTGACAACATTCCTCTCTAGAAAAAGTTATTCTAGGCAT
176,chr15,30477622,30477660,106,AGAGCCTTATTCATATGCAGTAAGGGACTGCTGAATGAA
177,chr15,30478797,30478858,34,AGGTGAGATCATGACTTATTATTGTCCTTTTAAAAATTGAATACCTAAAATTGTATATTAAT
178,chr15,30479092,30479138,62,AGGTTGGAAAAACTTAAGCTAATGCTAGCTCAAGAGACTCTGCAACT
179,chr15,30536691,30536797,16,TTTCAAGTCTGTTCATAACTAGTGAAGTCACAGTTTCTGAAAACAATGATAAAATTTTAATTGATATTTAATTCATATTTTTTGTTTAAAAAACTATCAGTATTGGA
180,chr15,30537296,30537391,15,AATTTTGCAAACCTGAGCTGTCTAAGCTCAGCATGAATTGGAGTGGGCTGCTGACTCAGGCTAGCAGAGGCAGCCAGGAAACATGCAAATCTGCAA
181,chr15,30537555,30537662,117,GCCTGCATTTCCAATAACATATTGATTTATATTTGTATTATGAAACAAAAGTGGTTGTAATCAGATGTTCTTTCCTTTTACACACAATGTTAGCTCCTATTTACATTC
182,chr15,30537712,30537786,55,TAATCTCATGACCAAATGCTTAGCGCAAGAAAAAACTTCAATTTGCAAGAGAAGTCCCTCCAAATACAGAAAGGA
183,chr15,30538157,30538293,190,CTTTGCCTCTATTTGTCGCAATAATATACTGTCAAGCTGTTCCTTGAGTTAGCAATTTTATTTACATTCTTTTTTTTTTCCTTTCCCTTTTCCTGCCACAGAGTCCCGCTCTGTCGCCCAGTCTGGAGTGCAGCAGC
184,chr15,30538340,30538385,129,CCTCCATCAGCCTTCAGAGTAGCTGGGACTACCTGCGCGGCCCACC
185,chr15,30539473,30539520,115,CATGCCTGCAATCCCAGCCACTCAGGAGGCTTAGGCAGGAGAACCACC
186,chr15,30539682,30539828,142,ACCTCATTTGGAAAAAGCATATTTTCAGGTATGATTAAGTTAAGGATCTTGAGGAGAGATTATCCTGGATTGTCTCCGTGGGCATTAAATCCTGGCACATATATCCTTATAAGAGGGAGATAAAGGAGATTTAACTTCAGACAGAAG
187,chr15,30540273,30540462,136,GAAAAACACCTGGAAATGTTACCAGGAGAGGGGTTAGTTCTCTTTTTGGCAACCCATGTTATTGCTTATGGCTTAATATCTGTGCCTCCAAGATCCCTTCTCTCTGCCTTCATCGATGCCAGGAAAGCAGTCACCTTTTGCCTTTCTTTGCTTCTCAGCAAGTGGCATGTCTCCATGTCACTTTAAGCAT
188,chr15,30540576,30540665,78,CTCAAGTTCAAAATGCTGAAGTGAAAAATGGGTGATCACAACGAAGGGAAACACAAACCCCTTCTTTTAAAAACATTATGGTGATAAGGC
189,chr15,30540741,30540800,27,CGAGTTTCTAGAACTTGCTTCTCTTGGAGAACTGAAACTATAGCCACTATACAACAACTC
190,chr15,30540931,30541024,90,TAGTGTAATGTTTTCAAGGTTCATCTATATTGCAGCATGTGACAGGGCTTCTTTCTTTTTTAAGGCTGATAATTTTATAGTATTCCGTTGCATG
191,chr15,30541095,30541140,86,TCTGTTGCCCAGGCTGGAGTGCGGTGGCATGATCATGGCTCACTGC
192,chr15,30541258,30541343,48,AGGGGAGTAACAGTGAAGAAACGGTCTTAGAATAAATCTGGTGACAGCAGAAGAGAATATGAGACAGATTGTGCTCACAGAGCCTT
193,chr15,30541646,30541914,243,TTTTATATCCCATATCTTCTAGCTATGACCCTATTTCTTTGTTTCTTGACATAGACAAACATTTTTTAAACTAAGAGCTTTATTGTGATACAGTTTTTGTATGATAAGCCTCACCCTTCAAGTGTACAGTTCAGTGGTTTTTAGTATATTCAGAGTTATGCAGCCATTACCACTCCCTAATTTCAGAACATTTTCATCTCCCCAAAAAGAACCCCGTACCCACTAGCAGTCACTCCCTGTACCTCTCTCCCCCACCATTGATCCTGGCA
194,chr15,30542009,30542196,117,TCTTTACAGTGATTATAAATCAAATGCCTGAAGACGCTAAGCTTAGGATAGTGTTTGCTGTACAACTTTGATAACTGAACTTTTGTAAAGCTGAAAATGTGACTGTGTCTGTATATGTGGCATATTATCCTTAGATGATCCTTACTTCGATTATTAAGAATTTTTTCCCCTAGTAATCTTCAACTGTC
195,chr15,30542511,30542563,39,AAGGAAGAGTGGGGTTCTTTAAAGGAAAGGTGGTGGTGGTTGGGTCATGGGTA
196,chr15,30542742,30542789,66,CATATTCTGTACAATACTCTCTTAGCCCAGTGGCAGGTTTAAGGAGTG
197,chr15,30543000,30543058,152,AGGACTTCTTTCCCTCATTTTATTATTGAATAATGTCACAATAACAATTATTAAGGTGA
198,chr15,30543156,30543427,107,AGGTTAGAGTGGTCTTGGCAAGTCTTCCAGGGGGAAATACAGCATTTGGAAGGGTAGGAAGCAGAAGGAATCTCAGGCAAGGGAAAGGCGTGGGCAGAGCCCCGGAGGACAGAACAGGTTGTGGTGGACTTGGTGTCCACATAGACCTAATTAGTGGTCTTAGCTTTTGTGTTTTCAAAATTACCACAGTTTGTGTTCTAAAACTGTCATTCTCTTGATTTTATTTTAGACATACTATCTGTGTATTTTGAAATTTAAAATAACAGTAAAGG
199,chr15,30543592,30543657,96,GGTCTGAACCATTTGATTCTCACGACAGAATGGATAAAAACAATTTGAACCAGGAAACCATGCAGA
200,chr15,30543740,30543957,129,GAGTTGTGAAGAATACTCAAATGCCGTTTAAGGAAACGGGTTCTTCTGCACCTATTCTTTGGAATATTTAGGGCTAAGTTCTTAGTTTTTGACATCATAAAAATGTCAAAGTATTCTGTTCTAAGAGCCATTTCAAACAACTGACTAGAATTTCAGAGCAATTACATGAGAGTAATACCATTAAAATGTTTAAATTACCCATAGTCCTATATCCCTAA
201,chr15,30544030,30544158,168,ACATTGTTTAAGCAGGAATAATTCTCGAGATAATTTTGTATGTTTCCTTTTTTCTTTTTAAGGTAGGTATTGGGTGGAGGAGCATTATATTTGCAACTTCTCGCAAAACACGTGATTATTTTCTTATAA
202,chr15,30544226,30544275,85,TAGAGAAATTTTAGTGTTTTTTTTTCATAGCTCCTACTTTCAAGAATGAA
203,chr15,30544339,30544381,117,AGTGACCTTTATTTAAGGTTCTAATTTGCTCATGTTGGGCACT
204,chr15,30544507,30544546,43,CCTCAAGTGGGAGTCAGGAATGCTGCTGTGTTCCAGAGAG
205,chr15,30544625,30544747,117,AAAGGCAAAGCCAGAGTGCAGCTTGGAGCAAAGAAGGTATTTTATTAAGAATTTTACATAAACCATAAGATATATTTTATATTACTTTGCGAGCCTTCTTCCTGTCTTGACTTAATTCTTTTT
206,chr15,30544818,30544904,136,AAGTATAAGAAAATTAAAGATACTAACTGATAATTGCTTAATGATTTAGTATCTGCTTGTTTAGTCTTTGTTATATTTACAGTAGGC
207,chr15,30545049,30545120,142,TTATTTAATTATTTATTTTTACTTTTTTTTCCTCTGTGCCTATGCTTACCAAGTCTTTTTATTTTTTACTTT
208,chr15,30545169,30545326,117,AATATCTGCATTTTGTAGATGAGGTAACTGAAGGTAGGTAACTTGTCCAAGGTCACAGGTGGCAGAGCAAGGATTAAAACTAGACAGTCTGGCTGCCCAAGGCCCAACGAAGAGGAGCTGAGAGCAAGCCACCGGGCAGAAGGATGTTGGTCAGGCTG
209,chr15,30545372,30545416,161,AGGACGTTACCGAGAAAGCCTTCCAAAGCCATAGGTTTTTTACCA
210,chr15,30545470,30545552,117,AGGCTGGAGTGCAGTGGCGCGATCTCGGTTCACTGCAGCCTACCTCTCTTGACAGTCCACTGGTTAAAGTGATTCTCCTGCCT
211,chr15,30545748,30546079,161,TTTAACGTCTCATTCTTCAGTCAGGTTTTCCTTGTTCCTGCGTGTTCAGCCATTTGTTTTTAAGTTTGTGTTGAAGGAGAAACTAACAACGAAAATGGACTTGTTGACGGAAGAAAAGTAGGAATGCAGCCTCTGGTGCTGTTTGAGTGATCCCTCTGCCCCAGGCCTGGCTGCGCGCTGCTGTGTTCTGGAAAGGCGCATTGTGCCCTCGCTGTGGCAGGTAAGAGTCCTGTACAGGTGCTCTGCCCACTTTACCTTTCAGGCTTCTGTATCAGCTGTTTTTCCCTTGTAGAATGTGCCCCTGACCTGTGCCCCTGACTTCCACCCCTTAA
212,chr15,30546128,30546277,256,TCATATTCAGTTCATGCTGATATTTTCCCTTCCTCCCCTCTTTAGTCCTTACTATTTTTGCTTTGGTCATGTTATGCTATATTCTGTAAGCCTTTAAAAATTTTGTTGTATCATGGCAGGGGAGAATATTTTATAATTATGCTTTGTGCG
213,chr15,30546528,30546626,146,GAGCCGGAGTGATAAAGCAAGGGTCCCTTTCTCCAGATCCTTTGTAACAGTGTCATGTGACCTCTTCTAGATCATTCTGAAAGACAATGCCAGCTCGGA
214,chr15,30546940,30546978,109,AGTTTCTTAATTGGGTTGGTACATGTAAACCATTTAGAA
215,chr15,30547207,30547273,66,TTTGTCTTTTCCTTGGTGAGCTGAAATAGCACAACAGTGTACTTAGTGTGGGTCTTTTTTCATTCAT
216,chr15,30547508,30547557,135,AATTTTATTTGGACTGTCATAACTTTAAGTTTTGTTTTGGTTATTTATTG
217,chr15,30547661,30547712,63,TGGTCTCATTTGGCAGCTCTCACTGTGTGGTTAAACAGTGTCAGGGACTGGT
218,chr15,30547844,30547926,43,TTTCTTTCTCCAAGAAGGTAGCCAATTCTTATTTTTGGCTTCCAGAAGCACAGAAATGGAGCTGCCAGGAGTTCTTAAGGCTT
219,chr15,30548184,30548240,175,TTGTCTTCTCCCTGGCATCTCCTTGTTCTTTAATAATTTTTTTCTTAGTTTATTTTG
220,chr15,30549000,30549077,29,AATTGATTGGGAGTTCTTTGTGGCCAAGACTTGTCAACTGATAGCTTTAAGGGGAATGTATGCTGATTCCTAATTGTT
221,chr15,30549675,30549740,155,TGATTGTGCCTTCAATTATATGTAGAAATATAATTTGTGAATTGCCTGATGAAATTTTCCTAATTT
222,chr15,30551843,30551881,48,GGGCCCTCTGGACACGCTGCTGTCTGGCCACGCCCCCTT
223,chr15,30555117,30555249,85,TCTTTGGTAAGAGTCCGGTGGGGTCCCCTGATTCCACGCTGCCAATCCTGGGCTCCAGTTTCCCCTTGGGGCCCTGAAGAAAGGGGCTGGGGGTCCCTGGTGCCCGGGACAAATAGGGAGCTTGGGTGCCCAG
224,chr15,30555388,30555436,152,TAGCCTGACTGGTTGTCAAGGTCCCCGTATTTCTGCCATGACTCAGTCC
225,chr15,30555679,30555742,51,ATCACAAGCTGCCAGAAGGAGGGGCCTTTCTGAAACTCCATCTCTAGAGGTTTATGTTGCTGTC
226,chr15,30605331,30605369,95,TAGGTTTCTAAGAGTATACCAGCCCTCTCTCTGAAATGA
227,chr15,30606181,30606242,172,TGTCTCTACTAAAAATACAAAAACATTAGCCAAGCGTGGTGGCGTGTGCCTGTAGTCCCAGC
228,chr15,30606409,30606531,147,TAGGGATATGATTTAGGGCAAGTTGCTAGACCTCATCGGGCCTCTCTTTTCACATCTGTATAATAGAGGTGATATTGTTTCACTTCCATTTGTGAAATTTTCATGAGATTTGTTATTGTTGTT
229,chr15,30607098,30607152,221,CCCGTGCCAAGAACGAGCAGTAGTCCTGGATTCAAGGTCCGTAGAAATCAGTCAA
230,chr15,30611677,30611774,85,CAGGAGAATCACTTGAGGTCGGGAGTTTGAGATCAGCCTGGCCAATGTGGTAAAACCTCATCTCTACTAAAATTACAAAAAAAAAAAAAAAAATTAGC
231,chr15,30614635,30614720,39,CAATTCATTTACTTCCTTTGAATGTTAGAGTCACTCATGATTATTTGTTTTTCTAATTTATAGTTTTAAGTTTATTTGTAAAAAGT
232,chr15,30781857,30781895,41,ACACCTGGCTATCAATCTGTGCCTATCCCACCAGTAATG
233,chr15,30803055,30803094,94,CAAAAAAATAAAAAAATAAAAAACTAACTTGGCATGGTGG
234,chr15,32454592,32454630,63,GTGGAGAACTCAGAAAAAAATGTTAAAATCTCTCTGGAA
235,chr15,32455262,32455401,190,AGTCACCCACCCAAAGTCACCCTGGGGTGATTGGCGAGGGCAAGGACTGGGCTGCTTTCTGAAGGGGTGGGGCTGACTGACAAAACTTTGGTGGGGGTAGCCCAAGGCACCGGGGTTGGGGGGACCAGTCCAGTGTGCCT
236,chr15,32457872,32457913,86,AAAATTAGGAAAATTTCATCAGGCAATTCACAAATTATATTT
237,chr15,32458847,32458891,69,ATGTTGCCCAAACTAGTCTTGAGCTCCTGGGCTCAAGTGATCCTC
238,chr15,32459896,32459958,74,TCCAGATGACCAGTCCCTGACACTGTTTAACCACACAGTGAGAGCTGCCAAATGAGACCAGCA
239,chr15,32460373,32460414,83,CTGTTGTGCTATTTCAGCTCACCAAGGAAAAGACAAACTCCT
240,chr15,32460523,32460584,217,AGGTAAAATTATCCTCAACCTAGAAATACATAATCAAGCAAACTATCAATCAAGTGTGAGGG
241,chr15,32460630,32460675,148,AGGCACTGTTCTAAATGGTTTACATGTACCAACCCAATTAAGAAAC
242,chr15,32461338,32461494,175,GATAAAACGCACAAAGCATAATTATAAAATATTCTCCCCTGCCATGATACAACAAAATTTTTAAAGGCTTACAGAATATAGCATAACATGACCAAAGCAAAAATAGTAAGGACTAAAGAGGGGAGGAAGGGAAAATATCAGCATGAACTGAATATGA
243,chr15,32461543,32461874,266,TTAAGGGGTGGAAGTCAGGGGCACAGGTCAGGGGCACATTCTACAAGGGAAAAACAGCTGATACAGAAGCCTGAAAGGTAAAGTGGGCAGAGCACCTGTACAGGACTCTTACCTGCCACAGCGAGGGCACAATGCGCCTTTCCAGAACACAGCAGCGCGCAGCCAGGCCTGGGGCAGAGGGATCACTCAAACAGCACCAGAGGCTGCATTCCTACTTTTCTTCCGTCAACAAGTCCATTTTCGTTGTTAGTTTCTCCTTCAACACAAACTTAAAAACAAATGGCTGAACACGCAGGAACAAGGAAAACCTGACTGAAGAATGAGACGTTAAA
244,chr15,32461947,32462109,136,CATTTGAGGTCAGGAGTTCAAGACCAGCCTGGCCAACACGGTGAAACCCCGTCTCTACTAAAAACACAAAAGCTAGCCAGGCGTGGTGGCCGGCGCCTGTAATTTCAGCTACTCGGGAGGCTGAGGCAGGAGAATCACTTTAACCAGTGGACTGTCAAGAGAG
245,chr15,32462205,32462249,195,ATGGTAAAAAACCTATGGCTTTGGAAGGCTTTCTCGGTAACGTCC
246,chr15,32462305,32462619,115,CAACATCCTTCTGCCCGGTGGCTTGCTCTCAGCTCCTCTTCGTTGGGCCTTGGGCAGCCAGACTGTCTAGTTTTAATCCTTGCTCTGCCACCTGTGACCTTGGACAAGTTACCTACCTTCAGTTACCTCATCTACAAAATGCAGATATTAATAATACCCTCTTTTTAATTTATCCAGAGGATTAAAAGAGTTAATAAAAAGTAAAAAATAAAAAGACTTGGTAAGCATAGGCACAGAGGAAAAAAAAGTAAAAATAAATAATTAAATAAAAAGACCAGTGCCTAGCACATAAAAGTTCATCAGGAATTAATTCTA
247,chr15,32462717,32462762,107,TGCCTACTGTAAATATAACAAAGACTAAACAAGCAGATACTAAATC
248,chr15,32462863,32462952,129,ATTCTCTCAAAAAGAATTAAGTCAAGACAGGAAGAAGGCTCGCAAAGTAATATAAAATATATCTTATGGTTTATGTAAAATTCTTAATAA
249,chr15,32463071,32463124,84,CCTCTCTGGAACACAGCAGCATTCCTGACTCCCACTTGAGGAGGCCTAACAAAA
250,chr15,32463234,32463278,128,CTAAGTGCCCAACATGAGCAAATTAGAACCTTAAATAAAGGTCAC
251,chr15,32463454,32463587,173,TGAATATTATAAGAAAATAATCACGTGTTTTGCGAGAAGTTGCAAATATAATGCTCCTCCACCCAATACCTACCTTAAAAAGAAAAAAGGAAACATACAAAATTATCTCGAGAATTATTCCTGCTTAAACAATG
252,chr15,32463654,32463879,107,ATACTTGTTAGGGATATAGGACTATGGGTAATTTAAACATTTTAATGGTATTACTCTCATGTAATTGCTCTGAAATTCTAGTCAGTTGTTTGAAATGGCTCTTAGAACAGAATACTTTGACATTTTTATGATGTCAAAAACTAAGAACTTAGCCCTAAATATTCCAAAGAATAGGTGCAGAAGAACCCGTTTCCTTAAACGGCATTTGAGTATTCTTCACAACTCA
253,chr15,32463938,32464029,129,TTACCCTATCCAAAATATGAACATCTGCATGGTTTCCTGGTTCAAATTGTTTTTATCCATTCTGTCGTGAGAATCAAATGGTTCAGACCATG
254,chr15,32464158,32464465,161,TAACTCTTTCTCAAACAAAATAAATTCGTTTCTCCTTTACTGTTATTTTAAATTTCAAAATACACAGATAGTATGTCTAAAATAAAATCAAGAGAATGACAGTTTTAGAACACAAACTGTGGTAATTTTGAAAACACAAAAGCTAAGACCACTAATTAGGTCTATGTGGACACCAAGTCCACCACAACCTGTTCTGTCCTCCGGGGCTCTGCCCACGCCTTTCCCTTGCCTGAGATTCCTTCTGCTTCCTACCCTTCCAAATGCTGTATTTCCCCCTGGAAGACTTGCCAAGACCACTCTAACCTGCA
255,chr15,32464570,32464614,128,AATTGTTATTGTGACATTATTCAATAATAAAATGAGGGAAAGAAG
256,chr15,32464836,32464884,86,TAAACCTGCCACTGGGCTAAGAGAGTATTGTACAGAATATGCACTCACT
257,chr15,32465027,32465095,63,GGGAAAGGAAGTACACAGTAGACATTGTTACCCATGACCCAACCACCACCACCTTTCCTTTAAAGAACC
258,chr15,32465479,32465614,76,AGGATAATATGCCACATATACAGACACAGTCACATTTTCAGCTTTACAAAAGTTCAGTTATCAAAGTTGTACAGCAAACACTATCCTAAGCTTAGCGTCTTCAGGCATTTGATTTATAATCACTGTAAAGAAAAAT
259,chr15,32465659,32465703,60,GCCCAGGATAGGCAAATCTACAGAGATAGAAGTTAGATCAGAGGT
260,chr15,32465759,32465984,299,GGGTTCTTTTTGGGGAGATGAAAATGTTCTGAAATTAGGGAGTGGTAATGGCTGCATAACTCTGAATATACTAAAAACCACTGAACTGTACACTTGAAGGGTGAGGCTTATCATACAAAAACTGTATCACAATAAAGCTCTTAGTTTAAAAAATGTTTGTCTATGTCAAGAAACAAAGAAATAGGGTCATAGCTAGAAGATATGGGATATAAAATACTGGAACAAA
261,chr15,32466270,32466363,71,TCTTCAAGGCTCTGTGAGCACAATCTGTCTCATATTCTCTTCTGCTGTCACCAGATTTATTCTAAGACCGTTTCTTCACTGTTACTCCCCTGTT
262,chr15,32466417,32466529,128,TAGTCCCAGCTACTCAGGAGGCTGAGGCGGCAGGATCGCTTGAGAATGTGAGATTCAGACTGCAGTGAGCCATGATCATGCCACCGCACTCCAGCCTGGGCAACAGAGTGAGA
263,chr15,32466588,32466690,69,TCTATCCATGCAACGGAATACTATAAAATTATCAGCCTTAAAAAAGAAAGAAGCCCTGTCACATGCTGCAATATAGATGAACCTTGAAAACATTACACTAATT
264,chr15,32466772,32466883,62,GAAAATAGAGCGGTTGTTTCCATAAGCCAGGGGATAGAGAAATGGGGAGTTGTTGTATAGTGGCTATAGTTTCAGTTCTCCAAGAGAAGCAAGTTCTAGAAACTCGTTACTC
265,chr15,32466952,32467041,130,TGCCTTATCACCATAATGTTTTTAAAAGAAGGGGTTTGTGTTTCCCTTCGTTGTGATCACCCATTTTTCACTTCAGCATTTTGAACTTGA
266,chr15,32467137,32467344,113,ATTGGGCTCCGTGTGCTTGATGCTTAAAGTGACATGGAGACATGCCACTTGCTGAGAAGCAAAGAAAGGCAAAAGGTGACTGCTTTCCTGGCATCGATGAAGGCAGAGAGAAGGGATCTTGGAGGCACAGATATTAAGCCATAAGCAATAACATGGGTTGCCAAAAAGAGAACTAACCCCTCTCCTGGTAACATTTCCAGGTGTTTTT
267,chr15,32467789,32467935,136,TCTTCTGTCTGAAGTTAAATCTCCTTTATCTCCCTCTTATAAGGATATATGTGCCAGGATTTAATGCCCACGGAGACAATCCAGGATAATCTCTCCTCAAGATCCTTAACTTAATCATACCTGAAAATATGCTTTTTCCAAATGAGG
268,chr15,32469228,32469278,189,AGCCGGGTGTGGTGGGCCGCGCAGGTAGTCCCAGCTACTCTGAAGGCTGAT
269,chr15,32469333,32469476,172,GCTGCACTCCAGACTGGGCGACAGAGCGGGACTCTGTGGCAGGAAAAGGGAAAGGAAAAAAAAAAGAAAAAGAATGTAAATAAAATTGCTAACTCAAGGAACAGCTTGACAGTATATTATTGCGACAAATAGAGGCAAAGGTTA
270,chr15,32469865,32469914,40,TTCTCTTGCAAATTGAAGTTTTTTCTTGCGCTAAGCATTTGGTCATGAGA
271,chr15,32469960,32470076,126,CAGTTAGGAATGTAAATAGGAGCTAACATTGTGTGTAAAAGGAAAGAACATCTGATTACAACCACTTTTGTTTCATAATACAAATATAAATCAATATGTTATTGGAAATGCAGGCTG
272,chr15,32470248,32470335,40,GCATGTTTCCTGGCTGCCTCTGCTAGCCTGAGTCAGCAGCCCACTCCAATTCATGCTGAGCTTAGACAGCTCAGGTTTGCAAAATTAT
273,chr15,32470781,32470925,26,TTTGTGACTGCAAAACTTAATGATTCAATGCTTTTCCCATGAAATTTATCTTCCAATACTGATAGTTTTTTAAACAAAAAATATGAATTAAATATCAATTAAAATTTTATCATTGTTTTCAGAAACTGTGACTTCACTAGTTATG
274,chr15,32520761,32520799,121,TTTTGCATGCATTTCCTAGTAAACAATGTAGACAGTATT
275,chr15,32528871,32528940,44,ATATACAATTTTAGGTATTCAATTTTTAAAAGGACAATAATAAGTCATGATCTCACCTAGTTGAGGCAAC
276,chr15,32530060,32530102,62,TTTCATTCATTCAGCAGTCCCTTACTGCATATGAATAAGGCTC
277,chr15,32530182,32530264,126,GCCTAGAATAACTTTTTCTAGAGAGGAATGTTGTCAACTTATGCTTCTCTCTATTAATAATAATACACAATTGTTTAAATGAG
278,chr15,32530415,32530455,102,TGAATGTTTGGGTCCCCCCAAAATGCATATGTTGAAGCCTA
279,chr15,32530568,32530681,100,GGATCTCTCTCTCTGCTCTTCACCATGTGAAGACACAGCAAGACAGTCATCTACAAATTAAGAAACTGGCCCTCACAAGACACTGGATCTGCCAGCACCTTGATCTTAGACTAC
280,chr15,32530775,32530847,164,AGCTATGTCATCCAATATGCAATTTTTCTTCTACAAAGCATAAGAAATATGTACAAGTTAGCCGACAAGGAAT
281,chr15,32530896,32530940,74,CTGTAACCAAAGAGACACACAATTACAAGTGTTGGTGATAATGTG
282,chr15,32531008,32531084,50,TGGCGTCTTTCAAAAGGTTAAACACTGAGTAATCACAGGACCCAGCAATCCTACTCCTCAGTACGTACACAAGAGCA
283,chr15,32534588,32534630,110,TAATCTAGGTGGACTGATTTGGTTGGAAATTATTTTACTCCCA
284,chr15,32535434,32535531,19,CAGTACAAAAATGACCCCACTAACAAGCTCCTTTTATAAAACCATTTTAATTTAGAAAGCTTATTCTATATTTAGCTTAGGCTGAATTCTTCTTTTCA
285,chr15,32535613,32535890,180,GCTTAGTAAACCGTGGGTGTGGATTTAGAAGGCATACTTTCTCCTAAACCCTTCTATGAACATGTACTTCCCCGTCCCCTAAGTTCAGTAAGTTTACCACTCAATTACTCTCTCAAACTACCTCTTTCAAGCTTAAAAGAGCACTAATGCGGTTAAACTGATGAATAAAGCTCACTTTCTACCGGCTTTCCATTTGACCAAGTCTGTATTACTTAAAACAAAACACCCTAACTCCTAAAAGCCATTTCTTCCTTTAAACCATTTTATCCCACTTGCGA
286,chr15,32535943,32536185,103,TTCCTACATGGATGGGTTGTTTTCAGTTTGCTTGCAGTATTTCTGACATTTCCCGTTACAACATCCTGCTCTGCCAGCATCTTCAGGGCAAAGGTTGGGGGCCTAGCCCAGCTCCCAGCGGCAAGTACACTAGGCTCTTAACTTCGCTTGTCCTCTCTGCAGGCCCTGCCGAAGCTCCCCCTGGTTTCCCGCAGCGATCCCGCGCAGGTGAGGGTACTGGGGAGCCCGTGGCCTTCTCCGCCC
287,chr15,32536233,32536319,27,AAGCCTCCCACAGGGTCCCAGGCCACCCAAGCGCGGTCAAACGCCGGCGGCCCGGCCTCGCTTACCTGACGCAGCCGCGCGTCCGCC
288,chr15,32537716,32537770,99,CAATTAACTACAGAGTTACACAAGATGGTGTCTTTTCATTCGATTTTATTTGAAC
289,chr15,32537921,32537977,66,AGTGAAAAATTCTAATTTGTAATGCATATCAAGTGAAAAGCCTCAGTTCAGCACTCG
290,chr15,32540042,32540092,36,ATCTCTGTGATCTAATTTTCCACATCAATAATGTATCTATACTTGGCATAG
291,chr15,32542177,32542261,36,GAATTGCTCTTATAGGGTTTCATATACCATTACCTCCAAAAGAGTACATTAGAAGTATTAGAAAATACTGATATTTATAAACAGA
292,chr15,69231363,69231401,41,AAACTCCACCTCCCGGGTTCACGCCATTCTCCTGCCTCA
293,chr15,72390776,72390814,41,TCTTTTTTTTTTTCTTTTTGAGATGGAGTCTTGCTCTGT
294,chr15,78386018,78386056,18,TTCAAGACCAGCTTGGCCAACGTGGTGAAACCCCGTCTC
295,chr15,82793177,82793215,41,CCTCCACCTCCCAGGTCCATGTGATTTTCCTGCCTCAGC
296,chr15,82816712,82816763,145,CCTAGGTCCTAGAAGGGTAGTTGCCCTGGAGAAAGAAGCTGAAGAATGGACC
297,chr15,91539888,91539926,41,TTTTTTTTTTTTTTTTTTTTTTTTTTTTTTTGTATTTTT
298,chr16,332466,332504,41,CTAGGGAGGCTGAGGCAGGAGAATGGCGTGAACCCGGGA
299,chr16,4195961,4195999,41,TACCTTTTTTTTCTTTTTGAGATGGAGTCTTGCTCTGTC
300,chr16,10204965,10205003,41,ACTACACTCCAGCCTGGGCGACAGAGCAAGACTCCATCT
301,chr16,19178259,19178297,37,TTTTTTTTAGTAGAGATGGGGTTTCACCGTGTTAGCTAG
302,chr16,23752201,23752239,41,CTCTTTCTTTTTTTTTCTTTTTGAGATGGAGTCTTGCTC
303,chr16,23793830,23793870,89,AGAACAGATCTTACAGTGGCTTTTTTTTTTCTTTTTGAGAT
304,chr16,23951559,23951597,41,GCACACACCACTATGCCAGGCTTTTTTTTTTTTTTTTTT
305,chr16,32152456,32152544,723,GAAGGCCTTCCCGCAAAGCTGTGGGTGATGGAGCGGAGCTGGGAGTTGATGTACTTGTTGATGAGCCCATTCCACTGAGTCAGGGAGTG
306,chr16,32153446,32153540,216,AGGTAATTACACTCAAGTTGATTAGTGATTAGGATTGTCAGGGACTTTAGAAAAAAGCAACATTACAGATGCATGTGTTTAATTAAAAAAGAATT
307,chr16,32154109,32154147,31,AAATATATTGCAGTTTGTAAATTAATTCAAACTAATTCA
308,chr16,32154486,32154524,31,TCTCCACAATCTTGCTTATATTTAATCTGCACCACTTAA
309,chr16,32155412,32155501,481,CAGTAATCCCCTCACACTCACACTCATGCCTCCCTCGTGCTCACCCTCACACACACACTGGCTCAATGCACTGACGCTTTCACTCCCACT
310,chr16,32155993,32156031,86,CCTTTCAGAGACAGAAAAGGACATGCAGAACACAGGGGC
311,chr16,32156169,32156214,152,GCACCTGGATTTGGGACTTCTGGTCTCCAGAACTCTGAGAGAACAA
312,chr16,32157057,32157109,183,AACCTGGATCTCCACAGATAGGATCTAGCTTTCTTGGTCCACCCCTAAATTCT
313,chr16,32157260,32157323,312,CGAGACCGCAGGGCAATTCCACCAGGCCTCGGCTCACTCGCTCAGATGCAGGCTCAGCACCAAC
314,chr16,32157614,32157658,138,CTTCCTGAGTCACCCACCAGAGTCGTCCTCTGTGTCCGAATCCTC
315,chr16,32157753,32157819,415,CACTGGACTCTTATCCACCCGTCCTCTCCCAGCTCACCAATCACTCGGCCTAGGCCTGGAGGAGGCC
316,chr16,32158024,32158089,334,TGCCCTGCCCTGGTCCTTCCATGGCTCCCACCAGACCTCAGTTAGGAGGGTGCGTGCCCTGCCCTG
317,chr16,32158143,32158298,583,GGTCCTTCCATGGCTCACACCAGACCTGCCACACAGATGTCGCCATATGCCACCCTGTCTGTCAGGGGCTGTCCCCAGACACAGATTTCACCTCTCCTACAAAATGTGTGCTTGCATCATTTTAAATTAAATGGCATAAAATAACGTGCTCATGCT
318,chr16,32158615,32158669,308,CCATGGGAAGGTGAACACTGCCCTAACTTAGCTAGGGCTGTGGTAAGTGACTTCC
319,chr16,32158817,32158977,332,GCTTCCTGCCTCAGAGCCTTCACTACACCAACTTTCAGAATGAGATTTACTCTCTTGCTCACTCTCACTCTTGTTCCAGTGACCCATCAAACTGAGCCTCATGCCAGTGAGTTTCCTGAAAAGAGCTGCCTCTCTTTCCAGACTTGATTCTGCTCAGATGC
320,chr16,32159105,32159178,308,CAGAAGATAACTAATGTGTGGCTAATGTGTTCACATCAAATCTCTGAGTACCTGATCGCCCCATTTCCAGTCCA
321,chr16,32159537,32159597,334,ATAAATATCCTAGGAAGATATAAAAGATATTAAAATGCTCAGTAAAGCTACTTTCTCTACT
322,chr16,32159657,32159769,83,TTTTTTATTAATAGAAAAACAAAGATAACTACCTAAATATCTAACAGTGGGAAACTGACAAACTTTAATCATGGTTCTGTGCAGAAGACAGCTAACAGCTGGCCCGAGATACA
323,chr16,32160130,32160181,107,TGTCCCTTCACTGTAATAAACTATAGCCCTGAGTACAACTACATGCTGAGTC
324,chr16,32160410,32160451,68,TCTGGTAACTCCCTTGATTTTAGTTTTCTCCTCCAGGTGGGA
325,chr16,32160660,32160758,348,ACAGGAGTTGCATTCCAGGTGGATCTCCCAGGATCCCCTGGGCAGCTATACTGTTAACTCTGTAAAGACTGAATTTATTGCTAAGGGCTTGAATAAATT
326,chr16,32160879,32160946,105,AAGAAGGATACCCTGATCAGGGCAAGCTGCAAATATAGACGGATATTCATGAGACACAACTTCCTTGC
327,chr16,32161519,32161561,89,TTTCGCTATGTTGCCCAAGTTGGTCTCAAACTCCTGAGCTCAA
328,chr16,32161722,32161764,70,TCAGTTTTAGCCAAAGAACACCACCATAAACCAATCAGATCTA
329,chr16,32161928,32161975,150,ATGATGAGAAATTAATAACAAAAGGAAAAGTGGAAAATTCACAAGTAT
330,chr16,32162145,32162203,216,AAGATGATCTCAAATCAATAACTCTACATCTGGAAGAACTAAAAAAATAAGAACACAAT
331,chr16,32162467,32162512,70,AATAATCTACAAAACCAAAAGTTCGGTTTCTGGCAAGAACAAAAAA
332,chr16,32162912,32162965,129,AATAAAAAAGATTATAAAAGAACACTGTGAACAACTGTATGCCAACAAATAAAA
333,chr16,32163503,32163556,108,TTCTATGAGGCCATTATTACCCTGATAACTGTAAAACAATAAAATATTGCTGAA
334,chr16,32165044,32165092,118,TTGTACCATATGACCCTGTAATTCCAGTCCTAGGTGTATAATCAAAAGA
335,chr16,32165245,32165313,116,GCCATAAAAATAAAGTACTGATATATACCAAATGAAATAACCCAGACACAAAGGCCACAAATGGTATGA
336,chr16,32165505,32165543,46,AATTGCGACGTTAAAATGCTACACTTTCTGCTATTTGTG
337,chr16,32165597,32165637,122,ATCTTGACGTTTTCCCAAAGGCTCTCAAGCCAGTGCAGACC
338,chr16,32166378,32166416,43,TTAAAATCTGAGAAAGCTGACAGCAGCATAGATTATACA
339,chr16,32166649,32166698,99,TCAAATCAACATCCTTTAAACAATCAGTAAGAGGTTCCCTTTCAAATAAA
340,chr16,32167470,32167573,31,GAACAAAGAATATATTTAAGGAATGAATGGTGAATAATTAATGATACAATCTAGTACCAAAAATAAAAGGAAACCCTTCTCCAGCTACAGCTCTGACCAGGACA
341,chr16,32167744,32167782,60,TAATTGCAATGGGTCTCTTGTCCACATTTATTGGACTAT
342,chr16,32168505,32168556,182,TTTATCTCTTTTAAAATTTTTGGTCTAAATCTCCTCAGCATATAATATAAAA
343,chr16,32169235,32169316,59,AAAAAAAAAAAAAGAAAACCAGCTTGAAACAACACACAATAAATCTATAAACCCACAAGAAACTCTAAAAGTGACAGTGTGG
344,chr16,32169834,32169872,69,AGGCTGAGGCAGGGGAATCGTTTGAACCTGGGAGGCGGA
345,chr16,32170163,32170213,56,ACAAAAAACATTTCTTTAGAAGAATGGCAATAAGTTTAAATGTTCCCATTA
346,chr16,32170272,32170336,171,GCAAAGATTATTTACGTTTTCAACATCAATTTACTAGTAATCAAATCATACCACACTCAATTCCT
347,chr16,32170826,32170875,56,TTAATGAGCGAACATTTTGCTTGGTAGACAACTCTACAAACATCCACCAC
348,chr16,32171317,32171444,138,ACACAATCAGGTTCTCACCTCAAAACCCTCCAAATAATACATGAAACAAAGTCTGTGCTATGTTAACCAAAGAGCACATAAGTATTCCTATGTCAAAGTCCTCAGATAAACAGAGCACTGAGGTGGCA
349,chr16,32171660,32171753,54,GGATGACTGAAGCCATTCTAGAAAATGCACACGCAAACATGAAAGAGAAACTCAAGTGCACAACTCAAAATAAATACTAAAAAAAAAAAAAAGA
350,chr16,32172244,32172285,75,CATCCTCAGGGTAGGCTATGTATTCCTAGAGCACTTATAAAG
351,chr16,32173366,32173420,195,TTAGGTGGTTACAAAGGCTGCCATCCTGAAATATAACTGACTTGAGCCTGGTCTG
352,chr16,32173479,32173517,57,CTGTGCAATTTCTGGGCATGCAGGGAGACAAAAGCCATG
353,chr16,32174290,32174478,140,GAACCACTGTGCCTGGCCCTCTCCCACTCTTAATGGCACTTACAGTTCAAAAAAAATAATCTGCTAATCAGCAAAAAGCAAAGATTTTCTTACTGGCACATTCAATCTCGACAGGAGACAGCGGTGTGCTCATTGCTAAATAGGAAGTGTGTAATCCGAGAAGCAGGCCCAGATTCCTCTCTGTGTCTA
354,chr16,32174664,32174710,156,CATCCTGTAATGAGTTGATGCTGCTGTGCCCAAGTAACAGCAGATAC
355,chr16,32175867,32175923,129,TGTTGATAAGACAGACACCAAAGCCACAGATACATTAAAATATGCGGGGGCTGGCAC
356,chr16,32176815,32176877,97,GAAAACCTGAGTGGTGGTCACCTATGCAAGTGCTAGGATACCAACTCAATATTATGAAAAATA
357,chr16,33112290,33112328,69,CATGTTAACACAATCAGGTTCTCACCTCAAAACCCTCCA
358,chr16,33112639,33112742,221,TGGATGACTGAAGCCATTCTAGAAAATGCACACGCAAACATGAAAGAGAAACTCAAGTGCACAACTCAAAATAAATACTAAAAAAAAAAAAAGATGCTCAACTG
359,chr16,33113143,33113259,101,GAGCTAAGATGAGGAATAAGACCCAGACGCTGAGTATCCAGGCAGGGAACAGCATATCTGAAGGGTTTCTACAAAGAATTACATCCTCAGGGTAGGCTATGTATTCCTAGAGCACTT
360,chr16,33114459,33114500,89,CTGTGCAATTTCTGGGCATGCAGGGAGACAAAAGCCATGCTG
361,chr16,33115269,33115389,86,TGAACCACTGTGCCTGGCCCTCTCCCACTCTTAATGGCACTTACAGTTCAAAAAAAATAATCTGCTAATCAGCAAAAAGCAAAGATTTTCTTACTGGCACATTCAATCTCGACAGGAGACA
362,chr16,33115649,33115688,94,TGTAATGAGTTGATGCTGCTGTGCCCAAGTAACAGCAGAT
363,chr16,33116847,33116902,134,TGTTGATAAGACAGACACCAAAGCCACAGATACATTAAAATATGCGGGGGCTGGCA
364,chr16,33117801,33117852,83,CTGAGTGGTGGTCACCTATGCAAGTGCTAGGATACCAACTCAATATTATGAA
365,chr16,67817290,67817328,37,CAGGCGCCCGCCACCGCGCCCGGCTATTTTTTTTTTTTT
366,chr16,83659908,83659946,41,TCCCAAGTAGCGGGGACTACAGGCACCCGCCACCACACC
367,chr17,1220147,1220186,65,CGGGCGTGGTGGCGGGCGCCTGTGGTCCCAGCTACTCGGG
368,chr17,4130308,4130346,41,CCGGGCGTGGTGGTGGGTACCTGTAGTCCCAGCTACTAG
369,chr17,53565749,53565787,37,CTGGGCGACAGAGAGAGACTCTGTCTCAAAAAAAAAAAA
370,chr17,64294544,64294582,41,TTTTTTTTTTTTTTTTTTTTTTTTAGACAGGGTCTCACT
371,chr17,67711724,67711762,41,TTGGGAGGCTGAGGTGAGAGAATTGCTTGAGCCTGGGAG
372,chr17,76508445,76508485,89,AGGTACCCACCACCACGCCCGGCTAATTTTTTGTATTTTTA
373,chr17,80310321,80310359,41,CAGCTCACTGCAATCTCCGCCTCCTAGGTTCAAGTGATT
374,chr18,1755247,1755285,41,GGAGACTGAGGCAGGAGAATGGCGTGAACCCGGGAGGTG
375,chr18,3033642,3033686,89,CGTGAGCCACCGCACCTGGTCAAAAACCTCAGTTTTTAAATTTGA
376,chr18,11830293,11830331,41,TTTTTTTTTTTGAGGCGGAGTTTCGCTCTTGTTGCCCAG
377,chr18,11926869,11926907,41,ATGGTGTAACCCCATCTCTACTAAAAATACAAAAAATTA
378,chr18,39334732,39334770,41,CAATTCTCCATCTCAGCCTCCTGAGTAGCTGGGACTACA
379,chr18,58122725,58122763,41,TTTTTCTTTTTTCTTTTTCTTTTTTTTTTGAGACAGAGT
380,chr18,75441058,75441098,65,AGAGCTGTGTGTGTGTGTGTGTGTGTGTGTGTGTGTGTGTG
381,chr19,1900224,1900262,41,TTTAGTAGAGATGGGGTTTCAGCGTGTTAGCCAGGATGG
382,chr19,2516340,2516378,41,TCAGCCTCCTGAGTAGCTGGGACTACAGGTGCCTGCCAC
383,chr19,5913423,5913465,89,TTTCTTTTTGAGATGGAGTCTTGCTCTGTCGCCCAGACTGGAG
384,chr19,11122372,11122410,41,CAGGCGTGAGCCACCATGCCAGGCTTTTTTTTTTTTTTT
385,chr19,14854214,14854322,41,CTCACTGCACCCTCTGCCTCCTGGGTTCAAGAGATTCTCCTGCCTCAGCCTCCTGAGTAGCTGGGATTACAGGCATGTGCCACCATGCGGGGCTTTTTTTTTTTTTTTT
386,chr19,17005991,17006029,41,GTCTTGCTCTTTTGCCCAGGCTGGAGTGCAGTGGCATGA
387,chr19,19555467,19555505,41,ACTCTAGCCTGGGTGACAAAGCAAGACTCCGTCTCAAAA
388,chr19,29796858,29796896,41,GTCAGGAGTTTGAGGCCAGCCTGGCCAACATGGTGAAAC
389,chr19,37358306,37358347,115,TGGCTATATTTTTGTATTTTTTTAGTAGAGATGGGGTTTCAC
390,chr19,44978976,44979014,18,TGGCTCTTTTTTTTTTTTTTTTTGAGACAGGGTCTCACT
391,chr19,46301811,46301849,18,AACTCCGTCTCAAAAAAAAAAAAAAATTAAAAATTAAAA
392,chr2,73066417,73066455,41,GCATGGTGGCATGCGCCCGTAATCCCAGCTACTCAGGAG
393,chr2,87399824,87399862,18,AAAGGCCAGCCTGGCCAACACGGTGAAACCCCATCTCTA
394,chr2,102552099,102552137,41,TTTTTTTTTTGAGATGGAGTCTCGCTCTGTCGCCCAGGC
395,chr2,134969163,134969203,150,CACAGCGAAACCCCGTCTCCACCAAAAAAAAATACGAAAAC
396,chr2,153285041,153285079,41,AAAAAAAAAAGAGGTTTAATTGACTCACAGTTCCACATG
397,chr2,167951617,167951655,41,AAAAAAAAAAAAAAAAAAAAAATTAAAATTAGCTGGGCC
398,chr2,172739624,172739662,41,GCCTCCCAAAGTGCTGGGAATACAGGTGTGAGCCACCAC
399,chr2,200611935,200611979,89,CCTCAGGTGATTCACCTGCCTCGGCCTCCCAAAGTACTGGGATTA
400,chr2,215838584,215838622,41,CGTGTATATGTGTGTGTGTGTGTGTGTGTGTGTGTGTGT
401,chr2,217408221,217408259,41,AGAGACGGAGTTTCACCGTGTTGGCCAGGATGGTCTCAA
402,chr2,241123347,241123385,41,TTGTATTTTTTTTAGTAGAGATGGGGTTTCACTGTGTTA
403,chr20,3201114,3201152,41,GAAAAAAAAATACAAAAATAATTAGCCGGGCATGGTGGC
404,chr20,20646040,20646078,41,TTGGCCTCTGTAGGGCTTTTTTTTTTTCTTTTTGAGATG
405,chr20,31853515,31853553,41,CTAAAAAAAATAAAAAATAAAAATTAGCCAGGTGTGGTA
406,chr20,36739125,36739163,41,ACCCCATCTCAAAAAAAAAAAAAAAAAAAAAAAAAAAAA
407,chr20,49192640,49192679,65,GTACAAAAATAATTAGCCGGGTGTGGTGGCATGTGCCTGT
408,chr20,55913720,55913758,41,TCCAGCCTGGGTGACAGAGCAAGACTCCATCTCAAAAAG
409,chr20,58684738,58684776,41,TTTTGAGATGGAGTCTTGCTCTGTCGTCCAGGCTGGAGT
410,chr21,13438372,13438410,41,GCCATGAGAATCACTTGAACCCAGGAGGCGGAGGCTGCA
411,chr21,33277646,33277684,41,TTCTTTTTTTCTTTCTTTCTTTCTTTTTTTTTTTTTTTT
412,chr21,46370847,46370885,41,AACACGGTGGAACCCCGTTTCTACTAAAAATACAAAAAA
413,chr22,25156189,25156231,309,ATATTTTTGTATTTTTTTAGTAGAGATGGGGTTTCACCGTGTT
414,chr22,25157961,25158002,89,ACAGGTACCCACCACCACGCCCGGCTAATTTTTTGTATTTTT
415,chr22,28708866,28708906,65,TGGCGTGAACCCGGGAGGTGGAGCTTGCAGTGAGCCGAGAT
416,chr22,46201130,46201169,97,AAAAAAAAAAAAAAGTAAGTAACCTGCCACGGTTCATACA
417,chr22,46210230,46210280,185,ACCCGGGAGGCAGAGGTTGTGGTGAGCCGAGATCACACCATTGGACTCCAG
418,chr22,46239287,46239359,18,AATGAGAGATTTGCTATACCGTGAGAAGTCAACAACTTAGCCACCACTTCCCCGCAATGGACCATGTAACAAA
419,chr22,46245171,46245258,31,GGAAAAGCATTGATGTTCTCCCGGACACAAGGGAGGCAGAATCTCTTGGAGTAGAATAAACTGCATTCCTTAAAGAAGTGGACAAGGA
420,chr22,46245494,46245532,22,CCTGCTCTGCTCCATCACGGGGCAGTGACAACAATGGAA
421,chr22,46246022,46246063,28,CTGGACTCTTACATAGGAGAAAGTAAGTAAATAACTATTTGC
422,chr22,46268642,46268686,30,GGTTTTTTAATTGGGGAAAGCTGTTTTTTTGTTTTGTTTTGTTTT
423,chr22,46287806,46287885,41,AGTGGAGGTGAAATGTGAGCTACTGAAGCATATGTGGGGCTTGCTGGGCAGAGACAAGGGAAAGAGTTACTCTCAGAGAA
424,chr22,46288139,46288268,55,AGGCCTAGGGTTTGTCAAAGCGGCCAGAGGCTTTGTTTAATAACCTTTGACACTTTTTAAAATGTGCTTCCTACTTACGCGTCTATGGCCTCTATAATTAGACAGTCCTGATAGAGGCCTAAGCACAAGG
425,chr22,46288439,46288574,51,GCGGTGGCAGGATGTCCTGCCTGTGGCCCGGAAGCACAGCCGAGACCACATCCTGCTGTTCAATGACGCACACTTCCTGATGGCATCCCTGGGTGCACACGACCCCCAGACCACACAGGAGCTGCTGACCACCCTG
426,chr22,46309147,46309270,19,CCTCCTAAATTCTGTCTGAAGTTGTTCCTTTTGTTTTGTTACAATGCTGGATATACCACACAGTAGGGATTTCATTTGCTTTAATAAGCAACCTCTTCCAAAAACTCCCCTCCTCTGCAATGGC
427,chr22,46317548,46317599,15,CTCTACATTTTTCACAAGTTTTTCTTGGTTGTTGGATATTGTCAGGTGTACA
428,chr22,46322698,46322754,25,CACAAACACAGTGTAATGAATTATTATTATCCCAGTAAAGTCATGGTTCGGGAAAAT
429,chr22,46323025,46323088,22,CTGCAGCAGGGTGGCCCTTTGTGTACTTGTCTGAGCCAGTGCCACCTACACTCAAGTTGGGACA
430,chr22,46323155,46323232,19,TTTACCTGACCGCACACTTCCTTTCTTGGACTTAGGTGACTCCCCGGACAGCTCAACACCAAAGCTTTCGCGGGCACA
431,chr22,46323295,46323485,38,TGCTGTAGAATGACTCACGCATCTGCTTACCTCAACCATTTGGTAACCCTGCAGCCTGGCCTGCGCATCTGGCTTCCACGCCAGTCTCTTGGGTGCAGGCCGAGCTCCTGATGTGTACCAGCCCCTTTTAGATCTACTGCAGACTTAAGACATCTGAGACTTCCGCGATGCAGTACGGCAGCTCCCAGCCC
432,chr22,46331878,46331954,44,ATTTCCCAGGGGTAGAAAAGGAAATCTGAAATTGGATTAAACCATGCAGCAAATATTTACTGAGGCTCTGCTATGGG
433,chr22,46353379,46353433,19,GTTACTGCATTAGATGGACACTGTGAAGACGTGCAGCTATGTCATGGGCTCAGCA
434,chr22,46354029,46354137,25,ATGGTGGCAGGAGAGTTTTAAGGTATTCATTAGGCTGAGTTGTATGCTGGTCTCTTAATCATCCCTGAACCCCGATACACAGATACAGTTTCTCCAATTTTATGAAAGA
435,chr22,46355687,46355728,19,CCGTTGTGGAGATCATTTGGAGATTACCTAAAGTATTTAGAA
436,chr22,46357321,46357379,25,TAAACATTATTTCAAGGACACATAGTCTGATCGCTGCTTCCACTGGGGCCCAGGGGGCT
437,chr22,46364206,46364273,34,GTCAGCGTCAGCGGCGGCGGGTAGGTGACTTTATTTTTCAAGATGCCTGGGAGGAGGAGACACGGCAA
438,chr22,46377324,46377362,31,GCATAACAGAGATAAATTACACACTTGCTTATGAAACGA
439,chr3,25094700,25094738,41,GAGTGAGACCCCATCTCAAAAAAAAAAAAAAAAAAAAAA
440,chr3,35028570,35028608,41,TTTTTTTTTTTTTTTTTTTTTGAGACAGAGTCTCGCACT
441,chr3,41908451,41908489,41,TTTTTTTCTTTTTGAGATGGAGTCTTGCTCTGTCACCCA
442,chr3,45191168,45191206,41,CCCTTTTTTTTTTGAGACAGAGTCTCGCTCTGTCGCCCA
443,chr3,47499310,47499348,37,AGATCAAGACCAGCCTAGCCAACATGGTGAAACCCCGTC
444,chr3,76421503,76421541,41,GATTGCCTGAGGTCAGGAGTGTGACACCAGCCTGACCAA
445,chr3,78092816,78092854,41,GAAATTTCTAAGCAGCAAAGCATTCAAGAAGTGACTTGG
446,chr3,87688586,87688624,41,TATTTTTAGTAGAGACGGGGTTTCACCGTGTTGGCAGGA
447,chr3,102535013,102535051,41,TTCTTCTTCTTCTTCTTCTTTTTTTTTTTTTGAGATGGA
448,chr3,106775328,106775366,41,TGTGTGTGTGTGTGTGTGTGTGTGTGTGTGTGCATGTGT
449,chr3,158290440,158290485,65,TTTTTTGTATTTTTTTTAGTAGAGATGGGGTTTCATCGTGTTAGCC
450,chr3,184998867,184998910,115,TGATTTTTTCCAGTTGCTTTTTTTTTTCTTTTTGAGATGGAGTC
451,chr3,190071976,190072014,41,GGGTTTTTTTTTTTTTTTTTTTTGAGGCAGAGTTTCGCT
452,chr4,6407526,6407564,41,CTGGGACAACAGGCACCCGCCACCACACCCGGCTAATTA
453,chr4,9041314,9041355,89,ATATATGTTTTTTTTTTCTTTTTGAGATGGAGTCTTGCTCTG
454,chr4,20963148,20963192,89,CTGTCTTTACTAAAAATACAAAAAAAAAAATGAGCTGGGCATGGT
455,chr4,27140976,27141014,41,CGTGGTGGCGGGAGCCTGTAGTCCCAGCTACTAGGGAGG
456,chr4,33314887,33314925,41,TCTAAGCAGCAAAGGATTCAAGAAGTGACTTGGATGCTG
457,chr4,46416161,46416206,89,GCACGATCTCTGCTCACTGCAAACTCCACCTCCCGGGTTCACGCCA
458,chr4,76030104,76030142,41,TGGAGTGCAATGACGCGATCTCGGCTCACTGCAACCTCC
459,chr4,83833190,83833228,41,TCGTGCCACTGCACTCCAGCCTGGGCGACAGAGAAAGAC
460,chr4,107524600,107524638,41,AGAGCTGTGTGTGTGTGTGTGTGTGTGTGTGTGTGTGTG
461,chr4,130425196,130425234,37,AAAAAAAAAAAAAAAAAAAAAACAAAAAAAAAAAAAAAA
462,chr4,135641998,135642036,37,TGTCTGTGTAGAAATAAGTAGACATAGGAGACTCCATTT
463,chr4,146104020,146104058,41,CGGGCATGGTGGCAGGCACCTGTGGTCCCAGCTACTCGG
464,chr4,174289848,174289886,41,TTTCTTTGAGACAGAGTCTTGCTCTGTCACCAGGCTGGA
465,chr4,186730522,186730560,41,TGGCCAACGTGGCAAAACCCCGTCTCTACTAAAAACACA
466,chr5,1374166,1374204,41,GGTGTGGCGCACATCTGCAGTCCCAGCCACTTGGGAGGC
467,chr5,17262878,17262916,41,GCTCTGGCGCCCAGGCTGGAGTGCAGTGGCACGATCTCG
468,chr5,28211811,28211851,65,TTTTTTGTGTTTTTTTTAGTAGAGATGGGGTTTCACCGTGT
469,chr5,31724523,31724561,41,ACCCGGGAGGTGGAGTTTGCAGTGAGCCGAGATCGTGCC
470,chr5,62654163,62654206,65,TTTTTTTTTTTTGAGACAAAGTCTGGCTCTGTTGCTCAGGCTGG
471,chr5,90104262,90104300,41,CCAGGTTCACGCCATTCTCCTACCTCAGCCTCCCTAGTA
472,chr5,129042984,129043022,41,ATCTTCTCTCCCCCTCTTTTTTTTTTTTTTTTTTTTGAG
473,chr5,149427919,149427962,89,AAGGTGGAGTTTGCAGTGAGCCGAGATCGTGTCACTGCACTCCA
474,chr5,157556215,157556253,41,TTTTTTTTTTTTTTTTTTTTTTGAGATGGGGTCTCACTC
475,chr5,175024530,175024580,195,TCGGCTCACTGCAAACTCCTCCTCCCGGGTTCACGCCATTCTCCTGCCTCA
476,chr6,1356861,1356899,41,ATATGGTGAAACCTTGTCTCTACTAAAAATATAAAAACT
477,chr6,15776049,15776087,41,GGAGGTGGAGTTTGCAGTGAGCCGAGATCGTGCCACCGC
478,chr6,18250422,18250467,141,TCGCGCCACTGCAGTCCAGCCTGGGCAACAGTGTGAGACTCCGTCT
479,chr6,19698875,19698914,65,TTTTAGTAGAGACGGGGTTTCGCCATGTTGGCTAAGATGG
480,chr6,53743713,53743751,41,CCTGACCTCGTGACCCGCCCGCCTCGGCCTCCCAGAGTG
481,chr6,97670096,97670134,41,TCTCTTTCTCTCTCTCTCTCTCTCTCTCTCTCACACACA
482,chr6,130600376,130600414,41,CACGGTGAAACCCCATCTCTACTAAAAATACAAAAAAAA
483,chr6,169185626,169185664,41,CTACTAGGGAGGCTGAGGCAGGAGAATGGCGTGAACCCG
484,chr7,2605549,2605596,41,GGCGGAGCTTACAGTGAGTCGAGATCACGCCACTGCACTCCAGCCTGG
485,chr7,5554785,5554823,41,AGAGCTGTGTGTGTGTGTGTGTGTGTGTGTGTGTGTGTG
486,chr7,28006112,28006150,18,TAGGGGCCAGGCTCAGTGGCTCATGCCTGTAATACCAGC
487,chr7,37548269,37548307,41,ACCACTGTCCTCCAGCCTGGGTGACAGAGCAAGACCCTG
488,chr7,40208189,40208227,41,GAGACTCGGGAGTTAGTGTTTAATGGGTATAGGGTTTCA
489,chr7,67971328,67971366,41,GCTAATTTTGTATTTTTAGTGGAGACGGGGTTTCTGCAT
490,chr7,73850560,73850598,41,TTTTTTTTTGAGATGGAGTCTTGCTCTGTCGCCCAGGCT
491,chr7,77443894,77443935,65,ACTTTGGGAGGCTGAGGCGGGCAGATTGCTTGAGGTCAGGAG
492,chr7,81127403,81127442,65,TAGCTGGGACTACAGGCCCCCGCCACCACACCCGGCTAAT
493,chr7,100192449,100192487,18,AGGAGGCAGAGGTTGCAGTGAGCCAAGATTGCGCCACCA
494,chr7,148486516,148486554,41,TTTTTTTTTTTTGAGACAGAGTCTCAGTCTGTCGCCCAG
495,chr8,14157330,14157368,41,ATGCCTCTGTGTGTGTGTGTGTGTGTGTGTGTGTGAGTG
496,chr8,19158910,19158949,65,AATTAGCCGGGCGTGGTGGCGGGTGCCTGTAGTCCCAGCT
497,chr8,25434272,25434315,89,GTATTTTTAGTAGAGACGGGGTTTCGCCATGTTGGCTAAGATGG
498,chr8,38500022,38500060,41,TCTTTCTTTTTTTTTTTTCTTTTTGAGATGGAGTCTTGC
499,chr8,39120076,39120114,41,GTTGGCACCTTGATCTTGGACTTCCAGCCTCCAGAACTG
500,chr8,60874581,60874620,65,ACCAGCTTAGCCAACATGGCGAAACCCCGTCTCTACTAAA
501,chr8,70038345,70038390,158,AAAATTAGCCAGGTGTGGTGGCGGGTGCCTATAATCCCAGCTACTC
502,chr8,78029633,78029671,41,GTCAGGAGTTTGAGGCCAGCCTGGCCAACATGGTGAAAC
503,chr8,106616202,106616242,84,TGGCTAATTTTTTGGAATTTTTTTTTTTTTTTTTTTTTTTT
504,chr8,125054655,125054693,18,AAAAAATACAAGAAATTAGCCGGGCATGGTGGTGGGCGC
505,chr9,42507088,42507126,41,CAGTGAGCTGAGATCATGCCACTGCACTCCAGCCTGGTG
506,chr9,99716203,99716241,18,TTGGGAGGCTGAGGCAGGAGGATTCCTTGAGCCCAGGAG
507,chr9,123213841,123213879,41,GAACCTGGGAGGCGGAGATTGCAGTGAGCCGAGATTGCG
508,chr9,125543424,125543462,41,ATCCGGCTAATTTTTTGTATTTTTTTTTTTTTTTAGTAG
509,chr9,130691165,130691203,41,AGGCACCAGCCACCATACCCGGCTAATTTTTTTTTTTTT
510,chrX,17068277,17068315,41,GCACTCCAGCCTGGGCGACAGTGCGAGACTCTGTCTCAA
511,chrX,49137868,49137906,41,TTTTTTTTTTTTGAGATGGGGTCTCACTCTGTCACCCAG
512,chrX,73984549,73984587,41,CCACCACGCCCGATTTTTTTTTTTTTTTCTTTTGAGACA
513,chrX,74463584,74463623,65,TGGCACGATCTCGGCTCACTGCAAACTCCTCCTCCCGGGT
514,chrX,77812817,77812855,41,CGTATTTTTTTTAGTAGAGATGGGGTTTCACCGTGTTAG
515,chrX,87478977,87479015,41,AAAAAAAAAAAAAAAAACTCTACAGTTTTACTTCTTCCC
516,chrX,92024713,92024751,41,CTAAGCAAAAAAAAAAAAAAAAAAACAAAACAAAAACAA
517,chrX,155025456,155025494,41,CCTCCTCTACTAAAAATACAAAAAATTAGCCGGGCATGG
518,chrY,17072037,17072082,195,CTCCCGGGTTCACGCCATTCTCCTGCCTCAGCCTCCCTAGTAGCTG
